source_cell_type,target_cell_type,total_weight,mean_weight,n_edges
B.cells.Memory,B.cells.Memory,835.0,1.0,835
B.cells.Memory,B.cells.Naive,650.0,1.0,650
B.cells.Memory,CAFs.MSC.iCAF.like,1189.0,1.0,1189
B.cells.Memory,CAFs.myCAF.like,1351.0,1.0,1351
B.cells.Memory,Cancer.Basal.SC,1500.0,1.0,1500
B.cells.Memory,Cancer.Cycling,1408.0,1.0,1408
B.cells.Memory,Cancer.Her2.SC,1274.0,1.0,1274
B.cells.Memory,Cancer.LumA.SC,630.0,1.0,630
B.cells.Memory,Cancer.LumB.SC,609.0,1.0,609
B.cells.Memory,Cycling.Myeloid,835.0,1.0,835
B.cells.Memory,Cycling.PVL,626.0,1.0,626
B.cells.Memory,Cycling.T.cells,860.0,1.0,860
B.cells.Memory,DCs,940.0,1.0,940
B.cells.Memory,Endothelial.ACKR1,948.0,1.0,948
B.cells.Memory,Endothelial.CXCL12,802.0,1.0,802
B.cells.Memory,Endothelial.Lymphatic.LYVE1,721.0,1.0,721
B.cells.Memory,Endothelial.RGS5,872.0,1.0,872
B.cells.Memory,Luminal.Progenitors,1077.0,1.0,1077
B.cells.Memory,Macrophage,1087.0,1.0,1087
B.cells.Memory,Mature.Luminal,1053.0,1.0,1053
B.cells.Memory,Monocyte,911.0,1.0,911
B.cells.Memory,Myoepithelial,831.0,1.0,831
B.cells.Memory,NK.cells,760.0,1.0,760
B.cells.Memory,NKT.cells,643.0,1.0,643
B.cells.Memory,PVL.Differentiated,968.0,1.0,968
B.cells.Memory,PVL.Immature,911.0,1.0,911
B.cells.Memory,Plasmablasts,1074.0,1.0,1074
B.cells.Memory,T.cells.CD4,1093.0,1.0,1093
B.cells.Memory,T.cells.CD8,840.0,1.0,840
B.cells.Naive,B.cells.Memory,652.0,1.0,652
B.cells.Naive,B.cells.Naive,533.0,1.0,533
B.cells.Naive,CAFs.MSC.iCAF.like,970.0,1.0,970
B.cells.Naive,CAFs.myCAF.like,1127.0,1.0,1127
B.cells.Naive,Cancer.Basal.SC,1201.0,1.0,1201
B.cells.Naive,Cancer.Cycling,1144.0,1.0,1144
B.cells.Naive,Cancer.Her2.SC,1034.0,1.0,1034
B.cells.Naive,Cancer.LumA.SC,515.0,1.0,515
B.cells.Naive,Cancer.LumB.SC,483.0,1.0,483
B.cells.Naive,Cycling.Myeloid,674.0,1.0,674
B.cells.Naive,Cycling.PVL,506.0,1.0,506
B.cells.Naive,Cycling.T.cells,703.0,1.0,703
B.cells.Naive,DCs,791.0,1.0,791
B.cells.Naive,Endothelial.ACKR1,748.0,1.0,748
B.cells.Naive,Endothelial.CXCL12,635.0,1.0,635
B.cells.Naive,Endothelial.Lymphatic.LYVE1,590.0,1.0,590
B.cells.Naive,Endothelial.RGS5,710.0,1.0,710
B.cells.Naive,Luminal.Progenitors,887.0,1.0,887
B.cells.Naive,Macrophage,875.0,1.0,875
B.cells.Naive,Mature.Luminal,866.0,1.0,866
B.cells.Naive,Monocyte,760.0,1.0,760
B.cells.Naive,Myoepithelial,697.0,1.0,697
B.cells.Naive,NK.cells,605.0,1.0,605
B.cells.Naive,NKT.cells,529.0,1.0,529
B.cells.Naive,PVL.Differentiated,748.0,1.0,748
B.cells.Naive,PVL.Immature,741.0,1.0,741
B.cells.Naive,Plasmablasts,887.0,1.0,887
B.cells.Naive,T.cells.CD4,886.0,1.0,886
B.cells.Naive,T.cells.CD8,674.0,1.0,674
CAFs.MSC.iCAF.like,B.cells.Memory,1181.0,1.0,1181
CAFs.MSC.iCAF.like,B.cells.Naive,884.0,1.0,884
CAFs.MSC.iCAF.like,CAFs.MSC.iCAF.like,1726.0,1.0,1726
CAFs.MSC.iCAF.like,CAFs.myCAF.like,1943.0,1.0,1943
CAFs.MSC.iCAF.like,Cancer.Basal.SC,2164.0,1.0,2164
CAFs.MSC.iCAF.like,Cancer.Cycling,2026.0,1.0,2026
CAFs.MSC.iCAF.like,Cancer.Her2.SC,1904.0,1.0,1904
CAFs.MSC.iCAF.like,Cancer.LumA.SC,900.0,1.0,900
CAFs.MSC.iCAF.like,Cancer.LumB.SC,844.0,1.0,844
CAFs.MSC.iCAF.like,Cycling.Myeloid,1167.0,1.0,1167
CAFs.MSC.iCAF.like,Cycling.PVL,872.0,1.0,872
CAFs.MSC.iCAF.like,Cycling.T.cells,1139.0,1.0,1139
CAFs.MSC.iCAF.like,DCs,1249.0,1.0,1249
CAFs.MSC.iCAF.like,Endothelial.ACKR1,1406.0,1.0,1406
CAFs.MSC.iCAF.like,Endothelial.CXCL12,1120.0,1.0,1120
CAFs.MSC.iCAF.like,Endothelial.Lymphatic.LYVE1,996.0,1.0,996
CAFs.MSC.iCAF.like,Endothelial.RGS5,1209.0,1.0,1209
CAFs.MSC.iCAF.like,Luminal.Progenitors,1520.0,1.0,1520
CAFs.MSC.iCAF.like,Macrophage,1573.0,1.0,1573
CAFs.MSC.iCAF.like,Mature.Luminal,1513.0,1.0,1513
CAFs.MSC.iCAF.like,Monocyte,1234.0,1.0,1234
CAFs.MSC.iCAF.like,Myoepithelial,1143.0,1.0,1143
CAFs.MSC.iCAF.like,NK.cells,1104.0,1.0,1104
CAFs.MSC.iCAF.like,NKT.cells,865.0,1.0,865
CAFs.MSC.iCAF.like,PVL.Differentiated,1460.0,1.0,1460
CAFs.MSC.iCAF.like,PVL.Immature,1255.0,1.0,1255
CAFs.MSC.iCAF.like,Plasmablasts,1442.0,1.0,1442
CAFs.MSC.iCAF.like,T.cells.CD4,1550.0,1.0,1550
CAFs.MSC.iCAF.like,T.cells.CD8,1123.0,1.0,1123
CAFs.myCAF.like,B.cells.Memory,1261.0,1.0,1261
CAFs.myCAF.like,B.cells.Naive,916.0,1.0,916
CAFs.myCAF.like,CAFs.MSC.iCAF.like,1858.0,1.0,1858
CAFs.myCAF.like,CAFs.myCAF.like,2083.0,1.0,2083
CAFs.myCAF.like,Cancer.Basal.SC,2364.0,1.0,2364
CAFs.myCAF.like,Cancer.Cycling,2192.0,1.0,2192
CAFs.myCAF.like,Cancer.Her2.SC,2091.0,1.0,2091
CAFs.myCAF.like,Cancer.LumA.SC,944.0,1.0,944
CAFs.myCAF.like,Cancer.LumB.SC,881.0,1.0,881
CAFs.myCAF.like,Cycling.Myeloid,1234.0,1.0,1234
CAFs.myCAF.like,Cycling.PVL,883.0,1.0,883
CAFs.myCAF.like,Cycling.T.cells,1169.0,1.0,1169
CAFs.myCAF.like,DCs,1266.0,1.0,1266
CAFs.myCAF.like,Endothelial.ACKR1,1537.0,1.0,1537
CAFs.myCAF.like,Endothelial.CXCL12,1170.0,1.0,1170
CAFs.myCAF.like,Endothelial.Lymphatic.LYVE1,1032.0,1.0,1032
CAFs.myCAF.like,Endothelial.RGS5,1258.0,1.0,1258
CAFs.myCAF.like,Luminal.Progenitors,1608.0,1.0,1608
CAFs.myCAF.like,Macrophage,1706.0,1.0,1706
CAFs.myCAF.like,Mature.Luminal,1609.0,1.0,1609
CAFs.myCAF.like,Monocyte,1282.0,1.0,1282
CAFs.myCAF.like,Myoepithelial,1171.0,1.0,1171
CAFs.myCAF.like,NK.cells,1191.0,1.0,1191
CAFs.myCAF.like,NKT.cells,881.0,1.0,881
CAFs.myCAF.like,PVL.Differentiated,1608.0,1.0,1608
CAFs.myCAF.like,PVL.Immature,1307.0,1.0,1307
CAFs.myCAF.like,Plasmablasts,1503.0,1.0,1503
CAFs.myCAF.like,T.cells.CD4,1663.0,1.0,1663
CAFs.myCAF.like,T.cells.CD8,1159.0,1.0,1159
Cancer.Basal.SC,B.cells.Memory,1343.0,1.0,1343
Cancer.Basal.SC,B.cells.Naive,977.0,1.0,977
Cancer.Basal.SC,CAFs.MSC.iCAF.like,1989.0,1.0,1989
Cancer.Basal.SC,CAFs.myCAF.like,2224.0,1.0,2224
Cancer.Basal.SC,Cancer.Basal.SC,2553.0,1.0,2553
Cancer.Basal.SC,Cancer.Cycling,2368.0,1.0,2368
Cancer.Basal.SC,Cancer.Her2.SC,2233.0,1.0,2233
Cancer.Basal.SC,Cancer.LumA.SC,1013.0,1.0,1013
Cancer.Basal.SC,Cancer.LumB.SC,952.0,1.0,952
Cancer.Basal.SC,Cycling.Myeloid,1321.0,1.0,1321
Cancer.Basal.SC,Cycling.PVL,944.0,1.0,944
Cancer.Basal.SC,Cycling.T.cells,1267.0,1.0,1267
Cancer.Basal.SC,DCs,1375.0,1.0,1375
Cancer.Basal.SC,Endothelial.ACKR1,1635.0,1.0,1635
Cancer.Basal.SC,Endothelial.CXCL12,1256.0,1.0,1256
Cancer.Basal.SC,Endothelial.Lymphatic.LYVE1,1093.0,1.0,1093
Cancer.Basal.SC,Endothelial.RGS5,1347.0,1.0,1347
Cancer.Basal.SC,Luminal.Progenitors,1720.0,1.0,1720
Cancer.Basal.SC,Macrophage,1823.0,1.0,1823
Cancer.Basal.SC,Mature.Luminal,1719.0,1.0,1719
Cancer.Basal.SC,Monocyte,1381.0,1.0,1381
Cancer.Basal.SC,Myoepithelial,1258.0,1.0,1258
Cancer.Basal.SC,NK.cells,1262.0,1.0,1262
Cancer.Basal.SC,NKT.cells,943.0,1.0,943
Cancer.Basal.SC,PVL.Differentiated,1706.0,1.0,1706
Cancer.Basal.SC,PVL.Immature,1407.0,1.0,1407
Cancer.Basal.SC,Plasmablasts,1617.0,1.0,1617
Cancer.Basal.SC,T.cells.CD4,1782.0,1.0,1782
Cancer.Basal.SC,T.cells.CD8,1248.0,1.0,1248
Cancer.Cycling,B.cells.Memory,1370.0,1.0,1370
Cancer.Cycling,B.cells.Naive,986.0,1.0,986
Cancer.Cycling,CAFs.MSC.iCAF.like,1996.0,1.0,1996
Cancer.Cycling,CAFs.myCAF.like,2221.0,1.0,2221
Cancer.Cycling,Cancer.Basal.SC,2573.0,1.0,2573
Cancer.Cycling,Cancer.Cycling,2380.0,1.0,2380
Cancer.Cycling,Cancer.Her2.SC,2259.0,1.0,2259
Cancer.Cycling,Cancer.LumA.SC,1017.0,1.0,1017
Cancer.Cycling,Cancer.LumB.SC,953.0,1.0,953
Cancer.Cycling,Cycling.Myeloid,1342.0,1.0,1342
Cancer.Cycling,Cycling.PVL,939.0,1.0,939
Cancer.Cycling,Cycling.T.cells,1265.0,1.0,1265
Cancer.Cycling,DCs,1360.0,1.0,1360
Cancer.Cycling,Endothelial.ACKR1,1658.0,1.0,1658
Cancer.Cycling,Endothelial.CXCL12,1259.0,1.0,1259
Cancer.Cycling,Endothelial.Lymphatic.LYVE1,1093.0,1.0,1093
Cancer.Cycling,Endothelial.RGS5,1344.0,1.0,1344
Cancer.Cycling,Luminal.Progenitors,1719.0,1.0,1719
Cancer.Cycling,Macrophage,1850.0,1.0,1850
Cancer.Cycling,Mature.Luminal,1722.0,1.0,1722
Cancer.Cycling,Monocyte,1373.0,1.0,1373
Cancer.Cycling,Myoepithelial,1241.0,1.0,1241
Cancer.Cycling,NK.cells,1286.0,1.0,1286
Cancer.Cycling,NKT.cells,935.0,1.0,935
Cancer.Cycling,PVL.Differentiated,1740.0,1.0,1740
Cancer.Cycling,PVL.Immature,1403.0,1.0,1403
Cancer.Cycling,Plasmablasts,1608.0,1.0,1608
Cancer.Cycling,T.cells.CD4,1800.0,1.0,1800
Cancer.Cycling,T.cells.CD8,1246.0,1.0,1246
Cancer.Her2.SC,B.cells.Memory,1083.0,1.0,1083
Cancer.Her2.SC,B.cells.Naive,846.0,1.0,846
Cancer.Her2.SC,CAFs.MSC.iCAF.like,1556.0,1.0,1556
Cancer.Her2.SC,CAFs.myCAF.like,1744.0,1.0,1744
Cancer.Her2.SC,Cancer.Basal.SC,1919.0,1.0,1919
Cancer.Her2.SC,Cancer.Cycling,1814.0,1.0,1814
Cancer.Her2.SC,Cancer.Her2.SC,1665.0,1.0,1665
Cancer.Her2.SC,Cancer.LumA.SC,827.0,1.0,827
Cancer.Her2.SC,Cancer.LumB.SC,794.0,1.0,794
Cancer.Her2.SC,Cycling.Myeloid,1081.0,1.0,1081
Cancer.Her2.SC,Cycling.PVL,844.0,1.0,844
Cancer.Her2.SC,Cycling.T.cells,1105.0,1.0,1105
Cancer.Her2.SC,DCs,1203.0,1.0,1203
Cancer.Her2.SC,Endothelial.ACKR1,1245.0,1.0,1245
Cancer.Her2.SC,Endothelial.CXCL12,1053.0,1.0,1053
Cancer.Her2.SC,Endothelial.Lymphatic.LYVE1,933.0,1.0,933
Cancer.Her2.SC,Endothelial.RGS5,1137.0,1.0,1137
Cancer.Her2.SC,Luminal.Progenitors,1396.0,1.0,1396
Cancer.Her2.SC,Macrophage,1412.0,1.0,1412
Cancer.Her2.SC,Mature.Luminal,1368.0,1.0,1368
Cancer.Her2.SC,Monocyte,1187.0,1.0,1187
Cancer.Her2.SC,Myoepithelial,1110.0,1.0,1110
Cancer.Her2.SC,NK.cells,986.0,1.0,986
Cancer.Her2.SC,NKT.cells,844.0,1.0,844
Cancer.Her2.SC,PVL.Differentiated,1280.0,1.0,1280
Cancer.Her2.SC,PVL.Immature,1192.0,1.0,1192
Cancer.Her2.SC,Plasmablasts,1356.0,1.0,1356
Cancer.Her2.SC,T.cells.CD4,1412.0,1.0,1412
Cancer.Her2.SC,T.cells.CD8,1080.0,1.0,1080
Cancer.LumA.SC,B.cells.Memory,571.0,1.0,571
Cancer.LumA.SC,B.cells.Naive,463.0,1.0,463
Cancer.LumA.SC,CAFs.MSC.iCAF.like,814.0,1.0,814
Cancer.LumA.SC,CAFs.myCAF.like,920.0,1.0,920
Cancer.LumA.SC,Cancer.Basal.SC,989.0,1.0,989
Cancer.LumA.SC,Cancer.Cycling,941.0,1.0,941
Cancer.LumA.SC,Cancer.Her2.SC,853.0,1.0,853
Cancer.LumA.SC,Cancer.LumA.SC,446.0,1.0,446
Cancer.LumA.SC,Cancer.LumB.SC,428.0,1.0,428
Cancer.LumA.SC,Cycling.Myeloid,573.0,1.0,573
Cancer.LumA.SC,Cycling.PVL,447.0,1.0,447
Cancer.LumA.SC,Cycling.T.cells,593.0,1.0,593
Cancer.LumA.SC,DCs,653.0,1.0,653
Cancer.LumA.SC,Endothelial.ACKR1,653.0,1.0,653
Cancer.LumA.SC,Endothelial.CXCL12,562.0,1.0,562
Cancer.LumA.SC,Endothelial.Lymphatic.LYVE1,509.0,1.0,509
Cancer.LumA.SC,Endothelial.RGS5,609.0,1.0,609
Cancer.LumA.SC,Luminal.Progenitors,731.0,1.0,731
Cancer.LumA.SC,Macrophage,737.0,1.0,737
Cancer.LumA.SC,Mature.Luminal,715.0,1.0,715
Cancer.LumA.SC,Monocyte,634.0,1.0,634
Cancer.LumA.SC,Myoepithelial,588.0,1.0,588
Cancer.LumA.SC,NK.cells,518.0,1.0,518
Cancer.LumA.SC,NKT.cells,460.0,1.0,460
Cancer.LumA.SC,PVL.Differentiated,651.0,1.0,651
Cancer.LumA.SC,PVL.Immature,633.0,1.0,633
Cancer.LumA.SC,Plasmablasts,726.0,1.0,726
Cancer.LumA.SC,T.cells.CD4,738.0,1.0,738
Cancer.LumA.SC,T.cells.CD8,581.0,1.0,581
Cancer.LumB.SC,B.cells.Memory,703.0,1.0,703
Cancer.LumB.SC,B.cells.Naive,542.0,1.0,542
Cancer.LumB.SC,CAFs.MSC.iCAF.like,1018.0,1.0,1018
Cancer.LumB.SC,CAFs.myCAF.like,1143.0,1.0,1143
Cancer.LumB.SC,Cancer.Basal.SC,1278.0,1.0,1278
Cancer.LumB.SC,Cancer.Cycling,1197.0,1.0,1197
Cancer.LumB.SC,Cancer.Her2.SC,1104.0,1.0,1104
Cancer.LumB.SC,Cancer.LumA.SC,519.0,1.0,519
Cancer.LumB.SC,Cancer.LumB.SC,498.0,1.0,498
Cancer.LumB.SC,Cycling.Myeloid,706.0,1.0,706
Cancer.LumB.SC,Cycling.PVL,511.0,1.0,511
Cancer.LumB.SC,Cycling.T.cells,693.0,1.0,693
Cancer.LumB.SC,DCs,759.0,1.0,759
Cancer.LumB.SC,Endothelial.ACKR1,837.0,1.0,837
Cancer.LumB.SC,Endothelial.CXCL12,665.0,1.0,665
Cancer.LumB.SC,Endothelial.Lymphatic.LYVE1,591.0,1.0,591
Cancer.LumB.SC,Endothelial.RGS5,724.0,1.0,724
Cancer.LumB.SC,Luminal.Progenitors,890.0,1.0,890
Cancer.LumB.SC,Macrophage,942.0,1.0,942
Cancer.LumB.SC,Mature.Luminal,881.0,1.0,881
Cancer.LumB.SC,Monocyte,749.0,1.0,749
Cancer.LumB.SC,Myoepithelial,675.0,1.0,675
Cancer.LumB.SC,NK.cells,645.0,1.0,645
Cancer.LumB.SC,NKT.cells,525.0,1.0,525
Cancer.LumB.SC,PVL.Differentiated,835.0,1.0,835
Cancer.LumB.SC,PVL.Immature,744.0,1.0,744
Cancer.LumB.SC,Plasmablasts,870.0,1.0,870
Cancer.LumB.SC,T.cells.CD4,921.0,1.0,921
Cancer.LumB.SC,T.cells.CD8,676.0,1.0,676
Cycling.Myeloid,B.cells.Memory,836.0,1.0,836
Cycling.Myeloid,B.cells.Naive,632.0,1.0,632
Cycling.Myeloid,CAFs.MSC.iCAF.like,1140.0,1.0,1140
Cycling.Myeloid,CAFs.myCAF.like,1260.0,1.0,1260
Cycling.Myeloid,Cancer.Basal.SC,1423.0,1.0,1423
Cycling.Myeloid,Cancer.Cycling,1333.0,1.0,1333
Cycling.Myeloid,Cancer.Her2.SC,1250.0,1.0,1250
Cycling.Myeloid,Cancer.LumA.SC,587.0,1.0,587
Cycling.Myeloid,Cancer.LumB.SC,575.0,1.0,575
Cycling.Myeloid,Cycling.Myeloid,835.0,1.0,835
Cycling.Myeloid,Cycling.PVL,589.0,1.0,589
Cycling.Myeloid,Cycling.T.cells,788.0,1.0,788
Cycling.Myeloid,DCs,860.0,1.0,860
Cycling.Myeloid,Endothelial.ACKR1,972.0,1.0,972
Cycling.Myeloid,Endothelial.CXCL12,763.0,1.0,763
Cycling.Myeloid,Endothelial.Lymphatic.LYVE1,710.0,1.0,710
Cycling.Myeloid,Endothelial.RGS5,818.0,1.0,818
Cycling.Myeloid,Luminal.Progenitors,1001.0,1.0,1001
Cycling.Myeloid,Macrophage,1084.0,1.0,1084
Cycling.Myeloid,Mature.Luminal,990.0,1.0,990
Cycling.Myeloid,Monocyte,856.0,1.0,856
Cycling.Myeloid,Myoepithelial,746.0,1.0,746
Cycling.Myeloid,NK.cells,768.0,1.0,768
Cycling.Myeloid,NKT.cells,615.0,1.0,615
Cycling.Myeloid,PVL.Differentiated,986.0,1.0,986
Cycling.Myeloid,PVL.Immature,846.0,1.0,846
Cycling.Myeloid,Plasmablasts,973.0,1.0,973
Cycling.Myeloid,T.cells.CD4,1058.0,1.0,1058
Cycling.Myeloid,T.cells.CD8,788.0,1.0,788
Cycling.PVL,B.cells.Memory,691.0,1.0,691
Cycling.PVL,B.cells.Naive,530.0,1.0,530
Cycling.PVL,CAFs.MSC.iCAF.like,917.0,1.0,917
Cycling.PVL,CAFs.myCAF.like,1003.0,1.0,1003
Cycling.PVL,Cancer.Basal.SC,1091.0,1.0,1091
Cycling.PVL,Cancer.Cycling,1034.0,1.0,1034
Cycling.PVL,Cancer.Her2.SC,963.0,1.0,963
Cycling.PVL,Cancer.LumA.SC,482.0,1.0,482
Cycling.PVL,Cancer.LumB.SC,477.0,1.0,477
Cycling.PVL,Cycling.Myeloid,675.0,1.0,675
Cycling.PVL,Cycling.PVL,524.0,1.0,524
Cycling.PVL,Cycling.T.cells,669.0,1.0,669
Cycling.PVL,DCs,713.0,1.0,713
Cycling.PVL,Endothelial.ACKR1,767.0,1.0,767
Cycling.PVL,Endothelial.CXCL12,646.0,1.0,646
Cycling.PVL,Endothelial.Lymphatic.LYVE1,600.0,1.0,600
Cycling.PVL,Endothelial.RGS5,688.0,1.0,688
Cycling.PVL,Luminal.Progenitors,829.0,1.0,829
Cycling.PVL,Macrophage,863.0,1.0,863
Cycling.PVL,Mature.Luminal,812.0,1.0,812
Cycling.PVL,Monocyte,721.0,1.0,721
Cycling.PVL,Myoepithelial,653.0,1.0,653
Cycling.PVL,NK.cells,619.0,1.0,619
Cycling.PVL,NKT.cells,528.0,1.0,528
Cycling.PVL,PVL.Differentiated,798.0,1.0,798
Cycling.PVL,PVL.Immature,726.0,1.0,726
Cycling.PVL,Plasmablasts,792.0,1.0,792
Cycling.PVL,T.cells.CD4,849.0,1.0,849
Cycling.PVL,T.cells.CD8,684.0,1.0,684
Cycling.T.cells,B.cells.Memory,867.0,1.0,867
Cycling.T.cells,B.cells.Naive,676.0,1.0,676
Cycling.T.cells,CAFs.MSC.iCAF.like,1250.0,1.0,1250
Cycling.T.cells,CAFs.myCAF.like,1408.0,1.0,1408
Cycling.T.cells,Cancer.Basal.SC,1562.0,1.0,1562
Cycling.T.cells,Cancer.Cycling,1468.0,1.0,1468
Cycling.T.cells,Cancer.Her2.SC,1350.0,1.0,1350
Cycling.T.cells,Cancer.LumA.SC,651.0,1.0,651
Cycling.T.cells,Cancer.LumB.SC,633.0,1.0,633
Cycling.T.cells,Cycling.Myeloid,878.0,1.0,878
Cycling.T.cells,Cycling.PVL,642.0,1.0,642
Cycling.T.cells,Cycling.T.cells,874.0,1.0,874
Cycling.T.cells,DCs,958.0,1.0,958
Cycling.T.cells,Endothelial.ACKR1,1009.0,1.0,1009
Cycling.T.cells,Endothelial.CXCL12,827.0,1.0,827
Cycling.T.cells,Endothelial.Lymphatic.LYVE1,750.0,1.0,750
Cycling.T.cells,Endothelial.RGS5,895.0,1.0,895
Cycling.T.cells,Luminal.Progenitors,1116.0,1.0,1116
Cycling.T.cells,Macrophage,1150.0,1.0,1150
Cycling.T.cells,Mature.Luminal,1095.0,1.0,1095
Cycling.T.cells,Monocyte,945.0,1.0,945
Cycling.T.cells,Myoepithelial,849.0,1.0,849
Cycling.T.cells,NK.cells,801.0,1.0,801
Cycling.T.cells,NKT.cells,658.0,1.0,658
Cycling.T.cells,PVL.Differentiated,1028.0,1.0,1028
Cycling.T.cells,PVL.Immature,930.0,1.0,930
Cycling.T.cells,Plasmablasts,1097.0,1.0,1097
Cycling.T.cells,T.cells.CD4,1141.0,1.0,1141
Cycling.T.cells,T.cells.CD8,856.0,1.0,856
DCs,B.cells.Memory,859.0,1.0,859
DCs,B.cells.Naive,654.0,1.0,654
DCs,CAFs.MSC.iCAF.like,1149.0,1.0,1149
DCs,CAFs.myCAF.like,1254.0,1.0,1254
DCs,Cancer.Basal.SC,1415.0,1.0,1415
DCs,Cancer.Cycling,1332.0,1.0,1332
DCs,Cancer.Her2.SC,1253.0,1.0,1253
DCs,Cancer.LumA.SC,600.0,1.0,600
DCs,Cancer.LumB.SC,592.0,1.0,592
DCs,Cycling.Myeloid,856.0,1.0,856
DCs,Cycling.PVL,610.0,1.0,610
DCs,Cycling.T.cells,801.0,1.0,801
DCs,DCs,867.0,1.0,867
DCs,Endothelial.ACKR1,993.0,1.0,993
DCs,Endothelial.CXCL12,792.0,1.0,792
DCs,Endothelial.Lymphatic.LYVE1,727.0,1.0,727
DCs,Endothelial.RGS5,845.0,1.0,845
DCs,Luminal.Progenitors,1013.0,1.0,1013
DCs,Macrophage,1106.0,1.0,1106
DCs,Mature.Luminal,998.0,1.0,998
DCs,Monocyte,870.0,1.0,870
DCs,Myoepithelial,774.0,1.0,774
DCs,NK.cells,785.0,1.0,785
DCs,NKT.cells,617.0,1.0,617
DCs,PVL.Differentiated,1011.0,1.0,1011
DCs,PVL.Immature,867.0,1.0,867
DCs,Plasmablasts,976.0,1.0,976
DCs,T.cells.CD4,1070.0,1.0,1070
DCs,T.cells.CD8,810.0,1.0,810
Endothelial.ACKR1,B.cells.Memory,1058.0,1.0,1058
Endothelial.ACKR1,B.cells.Naive,761.0,1.0,761
Endothelial.ACKR1,CAFs.MSC.iCAF.like,1440.0,1.0,1440
Endothelial.ACKR1,CAFs.myCAF.like,1568.0,1.0,1568
Endothelial.ACKR1,Cancer.Basal.SC,1796.0,1.0,1796
Endothelial.ACKR1,Cancer.Cycling,1678.0,1.0,1678
Endothelial.ACKR1,Cancer.Her2.SC,1596.0,1.0,1596
Endothelial.ACKR1,Cancer.LumA.SC,727.0,1.0,727
Endothelial.ACKR1,Cancer.LumB.SC,709.0,1.0,709
Endothelial.ACKR1,Cycling.Myeloid,1030.0,1.0,1030
Endothelial.ACKR1,Cycling.PVL,711.0,1.0,711
Endothelial.ACKR1,Cycling.T.cells,953.0,1.0,953
Endothelial.ACKR1,DCs,1012.0,1.0,1012
Endothelial.ACKR1,Endothelial.ACKR1,1246.0,1.0,1246
Endothelial.ACKR1,Endothelial.CXCL12,945.0,1.0,945
Endothelial.ACKR1,Endothelial.Lymphatic.LYVE1,850.0,1.0,850
Endothelial.ACKR1,Endothelial.RGS5,1002.0,1.0,1002
Endothelial.ACKR1,Luminal.Progenitors,1244.0,1.0,1244
Endothelial.ACKR1,Macrophage,1378.0,1.0,1378
Endothelial.ACKR1,Mature.Luminal,1241.0,1.0,1241
Endothelial.ACKR1,Monocyte,1038.0,1.0,1038
Endothelial.ACKR1,Myoepithelial,905.0,1.0,905
Endothelial.ACKR1,NK.cells,971.0,1.0,971
Endothelial.ACKR1,NKT.cells,726.0,1.0,726
Endothelial.ACKR1,PVL.Differentiated,1287.0,1.0,1287
Endothelial.ACKR1,PVL.Immature,1043.0,1.0,1043
Endothelial.ACKR1,Plasmablasts,1165.0,1.0,1165
Endothelial.ACKR1,T.cells.CD4,1327.0,1.0,1327
Endothelial.ACKR1,T.cells.CD8,970.0,1.0,970
Endothelial.CXCL12,B.cells.Memory,912.0,1.0,912
Endothelial.CXCL12,B.cells.Naive,678.0,1.0,678
Endothelial.CXCL12,CAFs.MSC.iCAF.like,1196.0,1.0,1196
Endothelial.CXCL12,CAFs.myCAF.like,1293.0,1.0,1293
Endothelial.CXCL12,Cancer.Basal.SC,1484.0,1.0,1484
Endothelial.CXCL12,Cancer.Cycling,1389.0,1.0,1389
Endothelial.CXCL12,Cancer.Her2.SC,1314.0,1.0,1314
Endothelial.CXCL12,Cancer.LumA.SC,636.0,1.0,636
Endothelial.CXCL12,Cancer.LumB.SC,614.0,1.0,614
Endothelial.CXCL12,Cycling.Myeloid,894.0,1.0,894
Endothelial.CXCL12,Cycling.PVL,645.0,1.0,645
Endothelial.CXCL12,Cycling.T.cells,825.0,1.0,825
Endothelial.CXCL12,DCs,872.0,1.0,872
Endothelial.CXCL12,Endothelial.ACKR1,1054.0,1.0,1054
Endothelial.CXCL12,Endothelial.CXCL12,832.0,1.0,832
Endothelial.CXCL12,Endothelial.Lymphatic.LYVE1,762.0,1.0,762
Endothelial.CXCL12,Endothelial.RGS5,879.0,1.0,879
Endothelial.CXCL12,Luminal.Progenitors,1062.0,1.0,1062
Endothelial.CXCL12,Macrophage,1160.0,1.0,1160
Endothelial.CXCL12,Mature.Luminal,1043.0,1.0,1043
Endothelial.CXCL12,Monocyte,886.0,1.0,886
Endothelial.CXCL12,Myoepithelial,791.0,1.0,791
Endothelial.CXCL12,NK.cells,836.0,1.0,836
Endothelial.CXCL12,NKT.cells,646.0,1.0,646
Endothelial.CXCL12,PVL.Differentiated,1085.0,1.0,1085
Endothelial.CXCL12,PVL.Immature,895.0,1.0,895
Endothelial.CXCL12,Plasmablasts,994.0,1.0,994
Endothelial.CXCL12,T.cells.CD4,1129.0,1.0,1129
Endothelial.CXCL12,T.cells.CD8,848.0,1.0,848
Endothelial.Lymphatic.LYVE1,B.cells.Memory,655.0,1.0,655
Endothelial.Lymphatic.LYVE1,B.cells.Naive,509.0,1.0,509
Endothelial.Lymphatic.LYVE1,CAFs.MSC.iCAF.like,821.0,1.0,821
Endothelial.Lymphatic.LYVE1,CAFs.myCAF.like,895.0,1.0,895
Endothelial.Lymphatic.LYVE1,Cancer.Basal.SC,968.0,1.0,968
Endothelial.Lymphatic.LYVE1,Cancer.Cycling,932.0,1.0,932
Endothelial.Lymphatic.LYVE1,Cancer.Her2.SC,848.0,1.0,848
Endothelial.Lymphatic.LYVE1,Cancer.LumA.SC,438.0,1.0,438
Endothelial.Lymphatic.LYVE1,Cancer.LumB.SC,456.0,1.0,456
Endothelial.Lymphatic.LYVE1,Cycling.Myeloid,647.0,1.0,647
Endothelial.Lymphatic.LYVE1,Cycling.PVL,495.0,1.0,495
Endothelial.Lymphatic.LYVE1,Cycling.T.cells,643.0,1.0,643
Endothelial.Lymphatic.LYVE1,DCs,685.0,1.0,685
Endothelial.Lymphatic.LYVE1,Endothelial.ACKR1,718.0,1.0,718
Endothelial.Lymphatic.LYVE1,Endothelial.CXCL12,617.0,1.0,617
Endothelial.Lymphatic.LYVE1,Endothelial.Lymphatic.LYVE1,572.0,1.0,572
Endothelial.Lymphatic.LYVE1,Endothelial.RGS5,656.0,1.0,656
Endothelial.Lymphatic.LYVE1,Luminal.Progenitors,753.0,1.0,753
Endothelial.Lymphatic.LYVE1,Macrophage,793.0,1.0,793
Endothelial.Lymphatic.LYVE1,Mature.Luminal,728.0,1.0,728
Endothelial.Lymphatic.LYVE1,Monocyte,685.0,1.0,685
Endothelial.Lymphatic.LYVE1,Myoepithelial,593.0,1.0,593
Endothelial.Lymphatic.LYVE1,NK.cells,569.0,1.0,569
Endothelial.Lymphatic.LYVE1,NKT.cells,504.0,1.0,504
Endothelial.Lymphatic.LYVE1,PVL.Differentiated,713.0,1.0,713
Endothelial.Lymphatic.LYVE1,PVL.Immature,676.0,1.0,676
Endothelial.Lymphatic.LYVE1,Plasmablasts,747.0,1.0,747
Endothelial.Lymphatic.LYVE1,T.cells.CD4,784.0,1.0,784
Endothelial.Lymphatic.LYVE1,T.cells.CD8,660.0,1.0,660
Endothelial.RGS5,B.cells.Memory,844.0,1.0,844
Endothelial.RGS5,B.cells.Naive,648.0,1.0,648
Endothelial.RGS5,CAFs.MSC.iCAF.like,1090.0,1.0,1090
Endothelial.RGS5,CAFs.myCAF.like,1181.0,1.0,1181
Endothelial.RGS5,Cancer.Basal.SC,1339.0,1.0,1339
Endothelial.RGS5,Cancer.Cycling,1266.0,1.0,1266
Endothelial.RGS5,Cancer.Her2.SC,1164.0,1.0,1164
Endothelial.RGS5,Cancer.LumA.SC,571.0,1.0,571
Endothelial.RGS5,Cancer.LumB.SC,569.0,1.0,569
Endothelial.RGS5,Cycling.Myeloid,820.0,1.0,820
Endothelial.RGS5,Cycling.PVL,608.0,1.0,608
Endothelial.RGS5,Cycling.T.cells,798.0,1.0,798
Endothelial.RGS5,DCs,837.0,1.0,837
Endothelial.RGS5,Endothelial.ACKR1,942.0,1.0,942
Endothelial.RGS5,Endothelial.CXCL12,772.0,1.0,772
Endothelial.RGS5,Endothelial.Lymphatic.LYVE1,702.0,1.0,702
Endothelial.RGS5,Endothelial.RGS5,821.0,1.0,821
Endothelial.RGS5,Luminal.Progenitors,973.0,1.0,973
Endothelial.RGS5,Macrophage,1041.0,1.0,1041
Endothelial.RGS5,Mature.Luminal,950.0,1.0,950
Endothelial.RGS5,Monocyte,847.0,1.0,847
Endothelial.RGS5,Myoepithelial,747.0,1.0,747
Endothelial.RGS5,NK.cells,743.0,1.0,743
Endothelial.RGS5,NKT.cells,607.0,1.0,607
Endothelial.RGS5,PVL.Differentiated,951.0,1.0,951
Endothelial.RGS5,PVL.Immature,843.0,1.0,843
Endothelial.RGS5,Plasmablasts,940.0,1.0,940
Endothelial.RGS5,T.cells.CD4,1036.0,1.0,1036
Endothelial.RGS5,T.cells.CD8,812.0,1.0,812
Luminal.Progenitors,B.cells.Memory,979.0,1.0,979
Luminal.Progenitors,B.cells.Naive,740.0,1.0,740
Luminal.Progenitors,CAFs.MSC.iCAF.like,1473.0,1.0,1473
Luminal.Progenitors,CAFs.myCAF.like,1670.0,1.0,1670
Luminal.Progenitors,Cancer.Basal.SC,1863.0,1.0,1863
Luminal.Progenitors,Cancer.Cycling,1743.0,1.0,1743
Luminal.Progenitors,Cancer.Her2.SC,1628.0,1.0,1628
Luminal.Progenitors,Cancer.LumA.SC,769.0,1.0,769
Luminal.Progenitors,Cancer.LumB.SC,721.0,1.0,721
Luminal.Progenitors,Cycling.Myeloid,983.0,1.0,983
Luminal.Progenitors,Cycling.PVL,720.0,1.0,720
Luminal.Progenitors,Cycling.T.cells,967.0,1.0,967
Luminal.Progenitors,DCs,1059.0,1.0,1059
Luminal.Progenitors,Endothelial.ACKR1,1190.0,1.0,1190
Luminal.Progenitors,Endothelial.CXCL12,949.0,1.0,949
Luminal.Progenitors,Endothelial.Lymphatic.LYVE1,824.0,1.0,824
Luminal.Progenitors,Endothelial.RGS5,1030.0,1.0,1030
Luminal.Progenitors,Luminal.Progenitors,1301.0,1.0,1301
Luminal.Progenitors,Macrophage,1338.0,1.0,1338
Luminal.Progenitors,Mature.Luminal,1290.0,1.0,1290
Luminal.Progenitors,Monocyte,1054.0,1.0,1054
Luminal.Progenitors,Myoepithelial,979.0,1.0,979
Luminal.Progenitors,NK.cells,917.0,1.0,917
Luminal.Progenitors,NKT.cells,719.0,1.0,719
Luminal.Progenitors,PVL.Differentiated,1231.0,1.0,1231
Luminal.Progenitors,PVL.Immature,1067.0,1.0,1067
Luminal.Progenitors,Plasmablasts,1234.0,1.0,1234
Luminal.Progenitors,T.cells.CD4,1325.0,1.0,1325
Luminal.Progenitors,T.cells.CD8,946.0,1.0,946
Macrophage,B.cells.Memory,1155.0,1.0,1155
Macrophage,B.cells.Naive,838.0,1.0,838
Macrophage,CAFs.MSC.iCAF.like,1616.0,1.0,1616
Macrophage,CAFs.myCAF.like,1779.0,1.0,1779
Macrophage,Cancer.Basal.SC,2082.0,1.0,2082
Macrophage,Cancer.Cycling,1923.0,1.0,1923
Macrophage,Cancer.Her2.SC,1842.0,1.0,1842
Macrophage,Cancer.LumA.SC,831.0,1.0,831
Macrophage,Cancer.LumB.SC,789.0,1.0,789
Macrophage,Cycling.Myeloid,1139.0,1.0,1139
Macrophage,Cycling.PVL,760.0,1.0,760
Macrophage,Cycling.T.cells,1028.0,1.0,1028
Macrophage,DCs,1107.0,1.0,1107
Macrophage,Endothelial.ACKR1,1387.0,1.0,1387
Macrophage,Endothelial.CXCL12,1023.0,1.0,1023
Macrophage,Endothelial.Lymphatic.LYVE1,926.0,1.0,926
Macrophage,Endothelial.RGS5,1091.0,1.0,1091
Macrophage,Luminal.Progenitors,1381.0,1.0,1381
Macrophage,Macrophage,1541.0,1.0,1541
Macrophage,Mature.Luminal,1393.0,1.0,1393
Macrophage,Monocyte,1132.0,1.0,1132
Macrophage,Myoepithelial,980.0,1.0,980
Macrophage,NK.cells,1087.0,1.0,1087
Macrophage,NKT.cells,772.0,1.0,772
Macrophage,PVL.Differentiated,1444.0,1.0,1444
Macrophage,PVL.Immature,1128.0,1.0,1128
Macrophage,Plasmablasts,1295.0,1.0,1295
Macrophage,T.cells.CD4,1490.0,1.0,1490
Macrophage,T.cells.CD8,1025.0,1.0,1025
Mature.Luminal,B.cells.Memory,913.0,1.0,913
Mature.Luminal,B.cells.Naive,664.0,1.0,664
Mature.Luminal,CAFs.MSC.iCAF.like,1371.0,1.0,1371
Mature.Luminal,CAFs.myCAF.like,1555.0,1.0,1555
Mature.Luminal,Cancer.Basal.SC,1784.0,1.0,1784
Mature.Luminal,Cancer.Cycling,1647.0,1.0,1647
Mature.Luminal,Cancer.Her2.SC,1564.0,1.0,1564
Mature.Luminal,Cancer.LumA.SC,709.0,1.0,709
Mature.Luminal,Cancer.LumB.SC,654.0,1.0,654
Mature.Luminal,Cycling.Myeloid,905.0,1.0,905
Mature.Luminal,Cycling.PVL,619.0,1.0,619
Mature.Luminal,Cycling.T.cells,847.0,1.0,847
Mature.Luminal,DCs,938.0,1.0,938
Mature.Luminal,Endothelial.ACKR1,1126.0,1.0,1126
Mature.Luminal,Endothelial.CXCL12,840.0,1.0,840
Mature.Luminal,Endothelial.Lymphatic.LYVE1,740.0,1.0,740
Mature.Luminal,Endothelial.RGS5,924.0,1.0,924
Mature.Luminal,Luminal.Progenitors,1178.0,1.0,1178
Mature.Luminal,Macrophage,1261.0,1.0,1261
Mature.Luminal,Mature.Luminal,1190.0,1.0,1190
Mature.Luminal,Monocyte,936.0,1.0,936
Mature.Luminal,Myoepithelial,845.0,1.0,845
Mature.Luminal,NK.cells,871.0,1.0,871
Mature.Luminal,NKT.cells,625.0,1.0,625
Mature.Luminal,PVL.Differentiated,1166.0,1.0,1166
Mature.Luminal,PVL.Immature,947.0,1.0,947
Mature.Luminal,Plasmablasts,1112.0,1.0,1112
Mature.Luminal,T.cells.CD4,1230.0,1.0,1230
Mature.Luminal,T.cells.CD8,835.0,1.0,835
Monocyte,B.cells.Memory,1040.0,1.0,1040
Monocyte,B.cells.Naive,761.0,1.0,761
Monocyte,CAFs.MSC.iCAF.like,1493.0,1.0,1493
Monocyte,CAFs.myCAF.like,1667.0,1.0,1667
Monocyte,Cancer.Basal.SC,1932.0,1.0,1932
Monocyte,Cancer.Cycling,1781.0,1.0,1781
Monocyte,Cancer.Her2.SC,1700.0,1.0,1700
Monocyte,Cancer.LumA.SC,772.0,1.0,772
Monocyte,Cancer.LumB.SC,721.0,1.0,721
Monocyte,Cycling.Myeloid,1035.0,1.0,1035
Monocyte,Cycling.PVL,693.0,1.0,693
Monocyte,Cycling.T.cells,942.0,1.0,942
Monocyte,DCs,1039.0,1.0,1039
Monocyte,Endothelial.ACKR1,1269.0,1.0,1269
Monocyte,Endothelial.CXCL12,936.0,1.0,936
Monocyte,Endothelial.Lymphatic.LYVE1,862.0,1.0,862
Monocyte,Endothelial.RGS5,1016.0,1.0,1016
Monocyte,Luminal.Progenitors,1287.0,1.0,1287
Monocyte,Macrophage,1412.0,1.0,1412
Monocyte,Mature.Luminal,1298.0,1.0,1298
Monocyte,Monocyte,1047.0,1.0,1047
Monocyte,Myoepithelial,910.0,1.0,910
Monocyte,NK.cells,992.0,1.0,992
Monocyte,NKT.cells,720.0,1.0,720
Monocyte,PVL.Differentiated,1302.0,1.0,1302
Monocyte,PVL.Immature,1038.0,1.0,1038
Monocyte,Plasmablasts,1215.0,1.0,1215
Monocyte,T.cells.CD4,1364.0,1.0,1364
Monocyte,T.cells.CD8,939.0,1.0,939
Myoepithelial,B.cells.Memory,852.0,1.0,852
Myoepithelial,B.cells.Naive,656.0,1.0,656
Myoepithelial,CAFs.MSC.iCAF.like,1275.0,1.0,1275
Myoepithelial,CAFs.myCAF.like,1471.0,1.0,1471
Myoepithelial,Cancer.Basal.SC,1579.0,1.0,1579
Myoepithelial,Cancer.Cycling,1495.0,1.0,1495
Myoepithelial,Cancer.Her2.SC,1370.0,1.0,1370
Myoepithelial,Cancer.LumA.SC,689.0,1.0,689
Myoepithelial,Cancer.LumB.SC,644.0,1.0,644
Myoepithelial,Cycling.Myeloid,850.0,1.0,850
Myoepithelial,Cycling.PVL,680.0,1.0,680
Myoepithelial,Cycling.T.cells,896.0,1.0,896
Myoepithelial,DCs,987.0,1.0,987
Myoepithelial,Endothelial.ACKR1,998.0,1.0,998
Myoepithelial,Endothelial.CXCL12,853.0,1.0,853
Myoepithelial,Endothelial.Lymphatic.LYVE1,747.0,1.0,747
Myoepithelial,Endothelial.RGS5,933.0,1.0,933
Myoepithelial,Luminal.Progenitors,1159.0,1.0,1159
Myoepithelial,Macrophage,1132.0,1.0,1132
Myoepithelial,Mature.Luminal,1135.0,1.0,1135
Myoepithelial,Monocyte,956.0,1.0,956
Myoepithelial,Myoepithelial,925.0,1.0,925
Myoepithelial,NK.cells,775.0,1.0,775
Myoepithelial,NKT.cells,676.0,1.0,676
Myoepithelial,PVL.Differentiated,1021.0,1.0,1021
Myoepithelial,PVL.Immature,977.0,1.0,977
Myoepithelial,Plasmablasts,1124.0,1.0,1124
Myoepithelial,T.cells.CD4,1140.0,1.0,1140
Myoepithelial,T.cells.CD8,874.0,1.0,874
NK.cells,B.cells.Memory,696.0,1.0,696
NK.cells,B.cells.Naive,542.0,1.0,542
NK.cells,CAFs.MSC.iCAF.like,890.0,1.0,890
NK.cells,CAFs.myCAF.like,960.0,1.0,960
NK.cells,Cancer.Basal.SC,1079.0,1.0,1079
NK.cells,Cancer.Cycling,1023.0,1.0,1023
NK.cells,Cancer.Her2.SC,934.0,1.0,934
NK.cells,Cancer.LumA.SC,466.0,1.0,466
NK.cells,Cancer.LumB.SC,477.0,1.0,477
NK.cells,Cycling.Myeloid,695.0,1.0,695
NK.cells,Cycling.PVL,498.0,1.0,498
NK.cells,Cycling.T.cells,664.0,1.0,664
NK.cells,DCs,713.0,1.0,713
NK.cells,Endothelial.ACKR1,773.0,1.0,773
NK.cells,Endothelial.CXCL12,638.0,1.0,638
NK.cells,Endothelial.Lymphatic.LYVE1,588.0,1.0,588
NK.cells,Endothelial.RGS5,673.0,1.0,673
NK.cells,Luminal.Progenitors,802.0,1.0,802
NK.cells,Macrophage,877.0,1.0,877
NK.cells,Mature.Luminal,774.0,1.0,774
NK.cells,Monocyte,720.0,1.0,720
NK.cells,Myoepithelial,620.0,1.0,620
NK.cells,NK.cells,619.0,1.0,619
NK.cells,NKT.cells,520.0,1.0,520
NK.cells,PVL.Differentiated,774.0,1.0,774
NK.cells,PVL.Immature,699.0,1.0,699
NK.cells,Plasmablasts,788.0,1.0,788
NK.cells,T.cells.CD4,848.0,1.0,848
NK.cells,T.cells.CD8,678.0,1.0,678
NKT.cells,B.cells.Memory,567.0,1.0,567
NKT.cells,B.cells.Naive,452.0,1.0,452
NKT.cells,CAFs.MSC.iCAF.like,861.0,1.0,861
NKT.cells,CAFs.myCAF.like,1008.0,1.0,1008
NKT.cells,Cancer.Basal.SC,1116.0,1.0,1116
NKT.cells,Cancer.Cycling,1045.0,1.0,1045
NKT.cells,Cancer.Her2.SC,951.0,1.0,951
NKT.cells,Cancer.LumA.SC,450.0,1.0,450
NKT.cells,Cancer.LumB.SC,432.0,1.0,432
NKT.cells,Cycling.Myeloid,587.0,1.0,587
NKT.cells,Cycling.PVL,417.0,1.0,417
NKT.cells,Cycling.T.cells,593.0,1.0,593
NKT.cells,DCs,672.0,1.0,672
NKT.cells,Endothelial.ACKR1,689.0,1.0,689
NKT.cells,Endothelial.CXCL12,546.0,1.0,546
NKT.cells,Endothelial.Lymphatic.LYVE1,495.0,1.0,495
NKT.cells,Endothelial.RGS5,616.0,1.0,616
NKT.cells,Luminal.Progenitors,774.0,1.0,774
NKT.cells,Macrophage,789.0,1.0,789
NKT.cells,Mature.Luminal,767.0,1.0,767
NKT.cells,Monocyte,641.0,1.0,641
NKT.cells,Myoepithelial,584.0,1.0,584
NKT.cells,NK.cells,544.0,1.0,544
NKT.cells,NKT.cells,462.0,1.0,462
NKT.cells,PVL.Differentiated,674.0,1.0,674
NKT.cells,PVL.Immature,625.0,1.0,625
NKT.cells,Plasmablasts,775.0,1.0,775
NKT.cells,T.cells.CD4,784.0,1.0,784
NKT.cells,T.cells.CD8,570.0,1.0,570
PVL.Differentiated,B.cells.Memory,1057.0,1.0,1057
PVL.Differentiated,B.cells.Naive,781.0,1.0,781
PVL.Differentiated,CAFs.MSC.iCAF.like,1458.0,1.0,1458
PVL.Differentiated,CAFs.myCAF.like,1581.0,1.0,1581
PVL.Differentiated,Cancer.Basal.SC,1823.0,1.0,1823
PVL.Differentiated,Cancer.Cycling,1693.0,1.0,1693
PVL.Differentiated,Cancer.Her2.SC,1629.0,1.0,1629
PVL.Differentiated,Cancer.LumA.SC,757.0,1.0,757
PVL.Differentiated,Cancer.LumB.SC,709.0,1.0,709
PVL.Differentiated,Cycling.Myeloid,1050.0,1.0,1050
PVL.Differentiated,Cycling.PVL,716.0,1.0,716
PVL.Differentiated,Cycling.T.cells,934.0,1.0,934
PVL.Differentiated,DCs,992.0,1.0,992
PVL.Differentiated,Endothelial.ACKR1,1259.0,1.0,1259
PVL.Differentiated,Endothelial.CXCL12,952.0,1.0,952
PVL.Differentiated,Endothelial.Lymphatic.LYVE1,863.0,1.0,863
PVL.Differentiated,Endothelial.RGS5,1010.0,1.0,1010
PVL.Differentiated,Luminal.Progenitors,1254.0,1.0,1254
PVL.Differentiated,Macrophage,1395.0,1.0,1395
PVL.Differentiated,Mature.Luminal,1255.0,1.0,1255
PVL.Differentiated,Monocyte,1029.0,1.0,1029
PVL.Differentiated,Myoepithelial,909.0,1.0,909
PVL.Differentiated,NK.cells,995.0,1.0,995
PVL.Differentiated,NKT.cells,723.0,1.0,723
PVL.Differentiated,PVL.Differentiated,1315.0,1.0,1315
PVL.Differentiated,PVL.Immature,1033.0,1.0,1033
PVL.Differentiated,Plasmablasts,1164.0,1.0,1164
PVL.Differentiated,T.cells.CD4,1342.0,1.0,1342
PVL.Differentiated,T.cells.CD8,954.0,1.0,954
PVL.Immature,B.cells.Memory,992.0,1.0,992
PVL.Immature,B.cells.Naive,758.0,1.0,758
PVL.Immature,CAFs.MSC.iCAF.like,1403.0,1.0,1403
PVL.Immature,CAFs.myCAF.like,1573.0,1.0,1573
PVL.Immature,Cancer.Basal.SC,1757.0,1.0,1757
PVL.Immature,Cancer.Cycling,1652.0,1.0,1652
PVL.Immature,Cancer.Her2.SC,1534.0,1.0,1534
PVL.Immature,Cancer.LumA.SC,740.0,1.0,740
PVL.Immature,Cancer.LumB.SC,709.0,1.0,709
PVL.Immature,Cycling.Myeloid,988.0,1.0,988
PVL.Immature,Cycling.PVL,730.0,1.0,730
PVL.Immature,Cycling.T.cells,965.0,1.0,965
PVL.Immature,DCs,1056.0,1.0,1056
PVL.Immature,Endothelial.ACKR1,1157.0,1.0,1157
PVL.Immature,Endothelial.CXCL12,940.0,1.0,940
PVL.Immature,Endothelial.Lymphatic.LYVE1,850.0,1.0,850
PVL.Immature,Endothelial.RGS5,1013.0,1.0,1013
PVL.Immature,Luminal.Progenitors,1252.0,1.0,1252
PVL.Immature,Macrophage,1300.0,1.0,1300
PVL.Immature,Mature.Luminal,1232.0,1.0,1232
PVL.Immature,Monocyte,1043.0,1.0,1043
PVL.Immature,Myoepithelial,954.0,1.0,954
PVL.Immature,NK.cells,906.0,1.0,906
PVL.Immature,NKT.cells,739.0,1.0,739
PVL.Immature,PVL.Differentiated,1181.0,1.0,1181
PVL.Immature,PVL.Immature,1049.0,1.0,1049
PVL.Immature,Plasmablasts,1210.0,1.0,1210
PVL.Immature,T.cells.CD4,1284.0,1.0,1284
PVL.Immature,T.cells.CD8,967.0,1.0,967
Plasmablasts,B.cells.Memory,988.0,1.0,988
Plasmablasts,B.cells.Naive,755.0,1.0,755
Plasmablasts,CAFs.MSC.iCAF.like,1418.0,1.0,1418
Plasmablasts,CAFs.myCAF.like,1597.0,1.0,1597
Plasmablasts,Cancer.Basal.SC,1765.0,1.0,1765
Plasmablasts,Cancer.Cycling,1659.0,1.0,1659
Plasmablasts,Cancer.Her2.SC,1539.0,1.0,1539
Plasmablasts,Cancer.LumA.SC,746.0,1.0,746
Plasmablasts,Cancer.LumB.SC,707.0,1.0,707
Plasmablasts,Cycling.Myeloid,993.0,1.0,993
Plasmablasts,Cycling.PVL,726.0,1.0,726
Plasmablasts,Cycling.T.cells,977.0,1.0,977
Plasmablasts,DCs,1075.0,1.0,1075
Plasmablasts,Endothelial.ACKR1,1149.0,1.0,1149
Plasmablasts,Endothelial.CXCL12,928.0,1.0,928
Plasmablasts,Endothelial.Lymphatic.LYVE1,847.0,1.0,847
Plasmablasts,Endothelial.RGS5,1014.0,1.0,1014
Plasmablasts,Luminal.Progenitors,1263.0,1.0,1263
Plasmablasts,Macrophage,1312.0,1.0,1312
Plasmablasts,Mature.Luminal,1249.0,1.0,1249
Plasmablasts,Monocyte,1065.0,1.0,1065
Plasmablasts,Myoepithelial,952.0,1.0,952
Plasmablasts,NK.cells,925.0,1.0,925
Plasmablasts,NKT.cells,744.0,1.0,744
Plasmablasts,PVL.Differentiated,1180.0,1.0,1180
Plasmablasts,PVL.Immature,1050.0,1.0,1050
Plasmablasts,Plasmablasts,1228.0,1.0,1228
Plasmablasts,T.cells.CD4,1301.0,1.0,1301
Plasmablasts,T.cells.CD8,966.0,1.0,966
T.cells.CD4,B.cells.Memory,1135.0,1.0,1135
T.cells.CD4,B.cells.Naive,807.0,1.0,807
T.cells.CD4,CAFs.MSC.iCAF.like,1623.0,1.0,1623
T.cells.CD4,CAFs.myCAF.like,1797.0,1.0,1797
T.cells.CD4,Cancer.Basal.SC,2090.0,1.0,2090
T.cells.CD4,Cancer.Cycling,1928.0,1.0,1928
T.cells.CD4,Cancer.Her2.SC,1846.0,1.0,1846
T.cells.CD4,Cancer.LumA.SC,822.0,1.0,822
T.cells.CD4,Cancer.LumB.SC,774.0,1.0,774
T.cells.CD4,Cycling.Myeloid,1108.0,1.0,1108
T.cells.CD4,Cycling.PVL,756.0,1.0,756
T.cells.CD4,Cycling.T.cells,1010.0,1.0,1010
T.cells.CD4,DCs,1095.0,1.0,1095
T.cells.CD4,Endothelial.ACKR1,1379.0,1.0,1379
T.cells.CD4,Endothelial.CXCL12,1019.0,1.0,1019
T.cells.CD4,Endothelial.Lymphatic.LYVE1,911.0,1.0,911
T.cells.CD4,Endothelial.RGS5,1093.0,1.0,1093
T.cells.CD4,Luminal.Progenitors,1388.0,1.0,1388
T.cells.CD4,Macrophage,1524.0,1.0,1524
T.cells.CD4,Mature.Luminal,1396.0,1.0,1396
T.cells.CD4,Monocyte,1111.0,1.0,1111
T.cells.CD4,Myoepithelial,981.0,1.0,981
T.cells.CD4,NK.cells,1068.0,1.0,1068
T.cells.CD4,NKT.cells,756.0,1.0,756
T.cells.CD4,PVL.Differentiated,1434.0,1.0,1434
T.cells.CD4,PVL.Immature,1125.0,1.0,1125
T.cells.CD4,Plasmablasts,1298.0,1.0,1298
T.cells.CD4,T.cells.CD4,1469.0,1.0,1469
T.cells.CD4,T.cells.CD8,1012.0,1.0,1012
T.cells.CD8,B.cells.Memory,1018.0,1.0,1018
T.cells.CD8,B.cells.Naive,768.0,1.0,768
T.cells.CD8,CAFs.MSC.iCAF.like,1458.0,1.0,1458
T.cells.CD8,CAFs.myCAF.like,1624.0,1.0,1624
T.cells.CD8,Cancer.Basal.SC,1833.0,1.0,1833
T.cells.CD8,Cancer.Cycling,1720.0,1.0,1720
T.cells.CD8,Cancer.Her2.SC,1590.0,1.0,1590
T.cells.CD8,Cancer.LumA.SC,743.0,1.0,743
T.cells.CD8,Cancer.LumB.SC,709.0,1.0,709
T.cells.CD8,Cycling.Myeloid,1014.0,1.0,1014
T.cells.CD8,Cycling.PVL,714.0,1.0,714
T.cells.CD8,Cycling.T.cells,981.0,1.0,981
T.cells.CD8,DCs,1056.0,1.0,1056
T.cells.CD8,Endothelial.ACKR1,1191.0,1.0,1191
T.cells.CD8,Endothelial.CXCL12,955.0,1.0,955
T.cells.CD8,Endothelial.Lymphatic.LYVE1,834.0,1.0,834
T.cells.CD8,Endothelial.RGS5,1017.0,1.0,1017
T.cells.CD8,Luminal.Progenitors,1275.0,1.0,1275
T.cells.CD8,Macrophage,1354.0,1.0,1354
T.cells.CD8,Mature.Luminal,1256.0,1.0,1256
T.cells.CD8,Monocyte,1061.0,1.0,1061
T.cells.CD8,Myoepithelial,951.0,1.0,951
T.cells.CD8,NK.cells,942.0,1.0,942
T.cells.CD8,NKT.cells,732.0,1.0,732
T.cells.CD8,PVL.Differentiated,1230.0,1.0,1230
T.cells.CD8,PVL.Immature,1060.0,1.0,1060
T.cells.CD8,Plasmablasts,1230.0,1.0,1230
T.cells.CD8,T.cells.CD4,1326.0,1.0,1326
T.cells.CD8,T.cells.CD8,971.0,1.0,971
