uniprot,protein_name,transmembrane,receptor,secreted
P03372,ESR1_HUMAN,False,True,False
Q92753,RORB_HUMAN,False,True,False
O95477,ABCA1_HUMAN,True,False,False
Q13133,NR1H3_HUMAN,False,True,False
P04150,GCR_HUMAN,False,True,False
Q7Z5A7,TAFA5_HUMAN,False,False,True
Q9UNN8,PROCR_HUMAN,False,True,False
Q96LR4,TAFA4_HUMAN,False,False,True
O60883,G37L1_HUMAN,True,True,False
Q96RI1,NR1H4_HUMAN,False,True,False
P30533,AMRP_HUMAN,False,False,False
O75787,RENR_HUMAN,True,True,False
P10275,ANDR_HUMAN,False,True,False
Q96CM4,NXNL1_HUMAN,False,False,False
P55055,NR1H2_HUMAN,False,True,False
P35398,RORA_HUMAN,False,True,False
P10827,THA_HUMAN,False,True,False
P51449,RORG_HUMAN,False,True,False
Q6UWK7,GP15L_HUMAN,False,False,True
P35442,TSP2_HUMAN,False,False,False
P02794,FRIH_HUMAN,False,False,False
P08235,MCR_HUMAN,False,True,False
P37231,PPARG_HUMAN,False,True,False
P06401,PRGR_HUMAN,False,False,False
P10828,THB_HUMAN,False,False,False
P02792,FRIL_HUMAN,False,False,False
Q03181,PPARD_HUMAN,False,False,False
O75469,NR1I2_HUMAN,False,True,False
Q92731,ESR2_HUMAN,False,True,False
Q7Z5A9,TAFA1_HUMAN,False,False,True
P11473,VDR_HUMAN,False,True,False
Q07869,PPARA_HUMAN,False,True,False
A5X5Y0,5HT3E_HUMAN,True,True,False
A6NMZ7,CO6A6_HUMAN,False,False,True
A8TX70,CO6A5_HUMAN,False,False,True
D3W0D1,KLRF2_HUMAN,True,True,False
HLAA,HLAA,True,True,False
HLAB,HLAB,True,True,False
HLAC,HLAC,True,True,False
O00144,FZD9_HUMAN,True,True,False
O00175,CCL24_HUMAN,False,False,True
O00182,LEG9_HUMAN,False,False,True
O00220,TR10A_HUMAN,True,True,False
O00230,CORT_HUMAN,False,False,True
O00238,BMR1B_HUMAN,True,True,False
O00241,SIRB1_HUMAN,True,True,False
O00253,AGRP_HUMAN,False,False,True
O00292,LFTY2_HUMAN,False,False,True
O00294,TULP1_HUMAN,False,False,True
O00300,TR11B_HUMAN,False,False,True
O00421,CCRL2_HUMAN,True,True,False
O00451,GFRA2_HUMAN,True,True,False
O00468,AGRIN_HUMAN,True,False,True
O00548,DLL1_HUMAN,True,False,False
O00574,CXCR6_HUMAN,True,True,False
O00584,RNT2_HUMAN,False,False,True
O00585,CCL21_HUMAN,False,False,True
O00590,ACKR2_HUMAN,True,True,False
O00592,PODXL_HUMAN,True,False,False
O00626,CCL22_HUMAN,False,False,True
O00755,WNT7A_HUMAN,False,False,True
O14511,NRG2_HUMAN,True,False,True
O14625,CXL11_HUMAN,False,False,True
O14763,TR10B_HUMAN,True,True,False
O14786,NRP1_HUMAN,True,True,True
O14788,TNF11_HUMAN,True,True,True
O14793,GDF8_HUMAN,False,False,True
O14798,TR10C_HUMAN,True,True,False
O14836,TR13B_HUMAN,True,True,False
O14904,WNT9A_HUMAN,False,False,True
O14905,WNT9B_HUMAN,False,False,True
O14931,NCTR3_HUMAN,True,True,False
O14944,EREG_HUMAN,True,False,True
O15031,PLXB2_HUMAN,True,True,False
O15041,SEM3E_HUMAN,False,False,True
O15123,ANGP2_HUMAN,False,False,True
O15146,MUSK_HUMAN,True,True,False
O15354,GPR37_HUMAN,True,True,False
O15444,CCL25_HUMAN,False,False,True
O15467,CCL16_HUMAN,False,False,True
O15520,FGF10_HUMAN,False,False,True
O43157,PLXB1_HUMAN,True,True,True
O43193,MTLR_HUMAN,True,True,False
O43323,DHH_HUMAN,True,False,True
O43508,TNF12_HUMAN,True,False,True
O43555,GON2_HUMAN,False,False,True
O43557,TNF14_HUMAN,True,False,True
O43603,GALR2_HUMAN,True,True,False
O43612,OREX_HUMAN,False,False,True
O43613,OX1R_HUMAN,True,True,False
O43614,OX2R_HUMAN,True,True,False
O43914,TYOBP_HUMAN,True,False,False
O43915,VEGFD_HUMAN,False,False,True
O43921,EFNA2_HUMAN,True,False,False
O43927,CXL13_HUMAN,False,False,True
O60258,FGF17_HUMAN,False,False,True
O60353,FZD6_HUMAN,True,True,False
O60383,GDF9_HUMAN,False,False,True
O60462,NRP2_HUMAN,True,True,True
O60469,DSCAM_HUMAN,True,False,True
O60486,PLXC1_HUMAN,True,True,False
O60494,CUBN_HUMAN,True,True,False
O60542,PSPN_HUMAN,False,False,True
O60609,GFRA3_HUMAN,True,True,False
O60755,GALR3_HUMAN,True,True,False
O60894,RAMP1_HUMAN,True,True,False
O60895,RAMP2_HUMAN,True,True,False
O60896,RAMP3_HUMAN,True,True,False
O75051,PLXA2_HUMAN,True,False,False
O75084,FZD7_HUMAN,True,True,False
O75093,SLIT1_HUMAN,False,False,True
O75096,LRP4_HUMAN,True,True,False
O75144,ICOSL_HUMAN,True,False,False
O75197,LRP5_HUMAN,True,True,False
O75326,SEM7A_HUMAN,True,False,False
O75473,LGR5_HUMAN,True,True,False
O75509,TNR21_HUMAN,True,True,False
O75578,ITA10_HUMAN,True,True,False
O75581,LRP6_HUMAN,True,True,False
O75610,LFTY1_HUMAN,False,False,True
O75888,TNF13_HUMAN,False,False,True
O94813,SLIT2_HUMAN,False,False,True
O94907,DKK1_HUMAN,False,False,True
O95136,S1PR2_HUMAN,True,True,False
O95150,TNF15_HUMAN,True,False,True
O95185,UNC5C_HUMAN,True,True,False
O95256,I18RA_HUMAN,True,True,False
O95264,5HT3B_HUMAN,True,True,False
O95390,GDF11_HUMAN,False,False,True
O95393,BMP10_HUMAN,False,False,True
O95399,UTS2_HUMAN,False,False,True
O95407,TNF6B_HUMAN,False,False,True
O95631,NET1_HUMAN,False,False,True
O95715,CXL14_HUMAN,False,False,True
O95727,CRTAM_HUMAN,True,False,False
O95750,FGF19_HUMAN,False,False,True
O95760,IL33_HUMAN,False,False,True
O95800,GPR75_HUMAN,True,True,False
O95813,CER1_HUMAN,False,False,True
O95838,GLP2R_HUMAN,True,True,False
O95971,BY55_HUMAN,True,True,False
O95972,BMP15_HUMAN,False,False,True
O96014,WNT11_HUMAN,False,False,True
P00533,EGFR_HUMAN,True,True,True
P00734,THRB_HUMAN,False,False,True
P00742,FA10_HUMAN,False,False,True
P00747,PLMN_HUMAN,False,False,True
P00749,UROK_HUMAN,False,False,True
P00797,RENI_HUMAN,False,False,True
P01019,ANGT_HUMAN,False,False,True
P01024,CO3_HUMAN,False,False,True
P01031,CO5_HUMAN,False,False,True
P01042,KNG1_HUMAN,False,False,True
P01127,PDGFB_HUMAN,False,False,True
P01133,EGF_HUMAN,False,False,True
P01135,TGFA_HUMAN,True,False,True
P01137,TGFB1_HUMAN,False,False,True
P01138,NGF_HUMAN,False,False,True
P01148,GON1_HUMAN,False,False,True
P01160,ANF_HUMAN,False,False,True
P01178,NEU1_HUMAN,False,False,True
P01185,NEU2_HUMAN,False,False,True
P01189,COLI_HUMAN,False,False,True
P01210,PENK_HUMAN,False,False,True
P01213,PDYN_HUMAN,False,False,True
P01222,TSHB_HUMAN,False,False,True
P01225,FSHB_HUMAN,False,False,True
P01229,LSHB_HUMAN,False,False,True
P01236,PRL_HUMAN,False,False,True
P01241,SOMA_HUMAN,False,False,True
P01242,SOM2_HUMAN,False,False,True
P01258,CALC_HUMAN,False,False,True
P01266,THYG_HUMAN,False,False,True
P01270,PTHY_HUMAN,False,False,True
P01275,GLUC_HUMAN,False,False,True
P01282,VIP_HUMAN,False,False,True
P01286,SLIB_HUMAN,False,False,True
P01308,INS_HUMAN,False,False,True
P01344,IGF2_HUMAN,False,False,True
P01350,GAST_HUMAN,False,False,True
P01374,TNFB_HUMAN,False,False,True
P01375,TNFA_HUMAN,True,False,True
IFNA1,IFNA1,False,False,True
P01563,IFNA2_HUMAN,False,False,True
P01566,IFN10_HUMAN,False,False,True
P01567,IFNA7_HUMAN,False,False,True
P01568,IFN21_HUMAN,False,False,True
P01569,IFNA5_HUMAN,False,False,True
P01570,IFN14_HUMAN,False,False,True
P01571,IFN17_HUMAN,False,False,True
P01574,IFNB_HUMAN,False,False,True
P01579,IFNG_HUMAN,False,False,True
P01583,IL1A_HUMAN,False,False,True
P01584,IL1B_HUMAN,False,False,True
P01588,EPO_HUMAN,False,False,True
P01589,IL2RA_HUMAN,True,True,False
P01732,CD8A_HUMAN,True,True,True
P02452,CO1A1_HUMAN,False,False,True
P02458,CO2A1_HUMAN,False,False,True
P02461,CO3A1_HUMAN,False,False,True
P02462,CO4A1_HUMAN,False,False,True
P02647,APOA1_HUMAN,False,False,True
P02649,APOE_HUMAN,False,False,True
P02652,APOA2_HUMAN,False,False,True
P02671,FIBA_HUMAN,False,False,True
P02675,FIBB_HUMAN,False,False,True
P02679,FIBG_HUMAN,False,False,True
P02708,ACHA_HUMAN,True,True,False
P02751,FINC_HUMAN,False,False,True
P02753,RET4_HUMAN,False,False,True
P02768,ALBU_HUMAN,False,False,True
P02775,CXCL7_HUMAN,False,False,True
P02776,PLF4_HUMAN,False,False,True
P02778,CXL10_HUMAN,False,False,True
P02786,TFR1_HUMAN,True,True,True
P02787,TRFE_HUMAN,False,False,True
P03971,MIS_HUMAN,False,False,True
P04004,VTNC_HUMAN,False,False,True
P04070,PROC_HUMAN,False,False,True
P04083,ANXA1_HUMAN,False,False,True
P04085,PDGFA_HUMAN,False,False,True
P04090,REL2_HUMAN,False,False,True
P04114,APOB_HUMAN,False,False,True
P04141,CSF2_HUMAN,False,False,True
P04216,THY1_HUMAN,True,False,False
P04233,HG2A_HUMAN,True,True,False
P04275,VWF_HUMAN,False,False,True
P04626,ERBB2_HUMAN,True,True,False
P04628,WNT1_HUMAN,False,False,True
P04629,NTRK1_HUMAN,True,True,False
P05000,IFNW1_HUMAN,False,False,True
P05013,IFNA6_HUMAN,False,False,True
P05014,IFNA4_HUMAN,False,False,True
P05015,IFN16_HUMAN,False,False,True
P05019,IGF1_HUMAN,False,False,True
P05067,A4_HUMAN,True,False,False
P05106,ITB3_HUMAN,True,True,False
P05107,ITB2_HUMAN,True,True,False
P05111,INHA_HUMAN,False,False,True
P05112,IL4_HUMAN,False,False,True
P05113,IL5_HUMAN,False,False,True
P05230,FGF1_HUMAN,False,False,True
P05231,IL6_HUMAN,False,False,True
P05362,ICAM1_HUMAN,True,True,False
P05556,ITB1_HUMAN,True,True,False
P05997,CO5A2_HUMAN,False,False,True
P06213,INSR_HUMAN,True,True,False
P06239,LCK_HUMAN,True,False,False
P06307,CCKN_HUMAN,False,False,True
P06729,CD2_HUMAN,True,True,False
P06731,CEAM5_HUMAN,True,False,False
P06734,FCER2_HUMAN,True,True,True
P06756,ITAV_HUMAN,True,True,False
P06850,CRF_HUMAN,False,False,True
P07204,TRBM_HUMAN,True,True,False
P07237,PDIA1_HUMAN,False,False,False
P07333,CSF1R_HUMAN,True,True,False
P07359,GP1BA_HUMAN,True,False,False
P07492,GRP_HUMAN,False,False,True
P07550,ADRB2_HUMAN,True,True,False
P07602,SAP_HUMAN,False,False,True
P07949,RET_HUMAN,True,False,False
P07996,TSP1_HUMAN,False,False,False
P08069,IGF1R_HUMAN,True,True,False
P08123,CO1A2_HUMAN,False,False,True
P08138,TNR16_HUMAN,True,True,False
P08172,ACM2_HUMAN,True,True,False
P08173,ACM4_HUMAN,True,True,False
P08174,DAF_HUMAN,True,True,True
P08253,MMP2_HUMAN,False,False,True
P08476,INHBA_HUMAN,False,False,True
P08514,ITA2B_HUMAN,True,True,False
P08572,CO4A2_HUMAN,False,False,True
P08575,PTPRC_HUMAN,True,False,False
P08581,MET_HUMAN,True,True,False
P08588,ADRB1_HUMAN,True,True,False
P08620,FGF4_HUMAN,False,False,True
P08648,ITA5_HUMAN,True,True,False
P08700,IL3_HUMAN,False,False,True
P08887,IL6RA_HUMAN,True,True,True
P08908,5HT1A_HUMAN,True,True,False
P08912,ACM5_HUMAN,True,True,False
P08913,ADA2A_HUMAN,True,True,False
P08949,NMB_HUMAN,False,False,True
P09038,FGF2_HUMAN,False,False,True
P09172,DOPO_HUMAN,False,False,True
P09326,CD48_HUMAN,True,False,False
P09341,GROA_HUMAN,False,False,True
P09529,INHBB_HUMAN,False,False,True
P09544,WNT2_HUMAN,False,False,True
P09603,CSF1_HUMAN,True,False,True
P09619,PGFRB_HUMAN,True,True,False
P09681,GIP_HUMAN,False,False,True
P09683,SECR_HUMAN,False,False,True
P09917,LOX5_HUMAN,False,False,False
P09919,CSF3_HUMAN,False,False,True
P0C0L4,CO4A_HUMAN,False,False,True
P0C0P6,NPS_HUMAN,False,False,True
P0CG37,CFC1_HUMAN,True,False,True
P0DJI8,SAA1_HUMAN,False,False,True
P0DMC3,ELA_HUMAN,False,False,True
P0DMS8,AA3R_HUMAN,True,True,False
P10092,CALCB_HUMAN,False,False,True
P10145,IL8_HUMAN,False,False,True
P10147,CCL3_HUMAN,False,False,True
P10451,OSTP_HUMAN,False,False,True
P10600,TGFB3_HUMAN,True,False,True
P10721,KIT_HUMAN,True,True,False
P10747,CD28_HUMAN,True,False,False
P10767,FGF6_HUMAN,False,False,True
P10909,CLUS_HUMAN,False,False,True
P10912,GHR_HUMAN,True,True,True
P10966,CD8B_HUMAN,True,True,True
P10997,IAPP_HUMAN,False,False,True
P11047,LAMC1_HUMAN,False,False,True
P11215,ITAM_HUMAN,True,True,False
P11229,ACM1_HUMAN,True,True,False
P11274,BCR_HUMAN,True,False,False
P11362,FGFR1_HUMAN,True,True,False
P11487,FGF3_HUMAN,False,False,True
P11717,MPRI_HUMAN,True,True,False
P12034,FGF5_HUMAN,False,False,True
P12107,COBA1_HUMAN,False,False,True
P12109,CO6A1_HUMAN,False,False,True
P12110,CO6A2_HUMAN,False,False,True
P12111,CO6A3_HUMAN,False,False,True
P12272,PTHR_HUMAN,False,False,True
P12643,BMP2_HUMAN,False,False,True
P12644,BMP4_HUMAN,False,False,True
P12830,CADH1_HUMAN,True,False,False
P12872,MOTI_HUMAN,False,False,True
P13224,GP1BB_HUMAN,True,False,False
P13232,IL7_HUMAN,False,False,True
P13236,CCL4_HUMAN,False,False,True
P13385,TDGF1_HUMAN,True,False,False
P13500,CCL2_HUMAN,False,False,True
P13501,CCL5_HUMAN,False,False,True
P13591,NCAM1_HUMAN,True,True,True
P13598,ICAM2_HUMAN,True,False,False
P13612,ITA4_HUMAN,True,True,False
P13688,CEAM1_HUMAN,True,False,True
P13725,ONCM_HUMAN,False,False,True
P13747,HLAE_HUMAN,True,False,False
P13942,COBA2_HUMAN,False,False,True
P13945,ADRB3_HUMAN,True,True,False
P14151,LYAM1_HUMAN,True,False,False
P14209,CD99_HUMAN,True,False,False
P14210,HGF_HUMAN,False,False,True
P14416,DRD2_HUMAN,True,True,False
P14555,PA2GA_HUMAN,False,False,True
P14778,IL1R1_HUMAN,True,True,True
P14784,IL2RB_HUMAN,True,True,False
P15018,LIF_HUMAN,False,False,True
P15151,PVR_HUMAN,True,True,True
P15248,IL9_HUMAN,False,False,True
P15260,INGR1_HUMAN,True,True,False
P15311,EZRI_HUMAN,False,False,False
P15509,CSF2R_HUMAN,True,True,True
P15514,AREG_HUMAN,False,False,True
P15529,MCP_HUMAN,True,True,False
P15692,VEGFA_HUMAN,False,False,True
P15813,CD1D_HUMAN,True,False,False
P16066,ANPRA_HUMAN,True,True,False
P16070,CD44_HUMAN,True,True,False
P16109,LYAM3_HUMAN,True,False,False
P16144,ITB4_HUMAN,True,True,False
P16150,LEUK_HUMAN,True,False,False
P16234,PGFRA_HUMAN,True,True,False
P16284,PECA1_HUMAN,True,True,False
P16410,CTLA4_HUMAN,True,False,False
P16444,DPEP1_HUMAN,True,False,False
P16471,PRLR_HUMAN,True,True,True
P16473,TSHR_HUMAN,True,True,False
P16581,LYAM2_HUMAN,True,False,False
P16619,CCL3L1,False,False,True
P16671,CD36_HUMAN,True,True,False
P16871,IL7RA_HUMAN,True,True,True
P17181,INAR1_HUMAN,True,True,False
P17301,ITA2_HUMAN,True,True,False
P17787,ACHB2_HUMAN,True,True,False
P17931,LEG3_HUMAN,False,False,True
P17936,IBP3_HUMAN,False,False,True
P17948,VGFR1_HUMAN,True,True,True
P18075,BMP7_HUMAN,False,False,True
P18084,ITB5_HUMAN,True,True,False
P18089,ADA2B_HUMAN,True,True,False
P18509,PACA_HUMAN,False,False,True
P18510,IL1RA_HUMAN,False,False,True
P18564,ITB6_HUMAN,True,True,False
P18627,LAG3_HUMAN,True,False,False
P18825,ADA2C_HUMAN,True,True,False
P19022,CADH2_HUMAN,True,False,False
P19235,EPOR_HUMAN,True,True,True
P19256,LFA3_HUMAN,True,False,False
P19320,VCAM1_HUMAN,True,False,False
P19438,TNR1A_HUMAN,True,True,True
P19440,GGT1_HUMAN,True,False,False
P19875,CXCL2_HUMAN,False,False,True
P19876,CXCL3_HUMAN,False,False,True
P20023,CR2_HUMAN,True,True,False
P20273,CD22_HUMAN,True,True,False
P20292,AL5AP_HUMAN,False,False,False
P20309,ACM3_HUMAN,True,True,False
P20333,TNR1B_HUMAN,True,True,True
P20366,TKN1_HUMAN,False,False,True
P20382,MCH_HUMAN,False,False,True
P20396,TRH_HUMAN,False,False,True
P20701,ITAL_HUMAN,True,True,False
P20702,ITAX_HUMAN,True,True,False
P20783,NTF3_HUMAN,False,False,True
P20809,IL11_HUMAN,False,False,True
P20827,EFNA1_HUMAN,True,False,True
P20849,CO9A1_HUMAN,False,False,True
P20908,CO5A1_HUMAN,False,False,True
P21246,PTN_HUMAN,False,False,True
P21452,NK2R_HUMAN,True,True,False
P21462,FPR1_HUMAN,True,True,False
P21554,CNR1_HUMAN,True,True,False
P21583,SCF_HUMAN,True,False,True
P21709,EPHA1_HUMAN,True,True,False
P21728,DRD1_HUMAN,True,True,False
P21730,C5AR1_HUMAN,True,True,False
P21731,TA2R_HUMAN,True,True,False
P21741,MK_HUMAN,False,False,True
P21781,FGF7_HUMAN,False,False,True
P21802,FGFR2_HUMAN,True,True,True
P21854,CD72_HUMAN,True,False,False
P21860,ERBB3_HUMAN,True,True,True
P21917,DRD4_HUMAN,True,True,False
P21918,DRD5_HUMAN,True,True,False
P22003,BMP5_HUMAN,False,False,True
P22004,BMP6_HUMAN,False,False,True
P22223,CADH3_HUMAN,True,False,False
P22301,IL10_HUMAN,False,False,True
P22362,CCL1_HUMAN,False,False,True
P22455,FGFR4_HUMAN,True,True,True
P22466,GALA_HUMAN,False,False,True
P22607,FGFR3_HUMAN,True,True,True
P22888,LSHR_HUMAN,True,True,False
P22897,MRC1_HUMAN,True,True,False
P23229,ITA6_HUMAN,True,True,False
P23471,PTPRZ_HUMAN,True,False,True
P23510,TNFL4_HUMAN,True,False,False
P23560,BDNF_HUMAN,False,False,True
P23945,FSHR_HUMAN,True,True,False
P24394,IL4RA_HUMAN,True,True,True
P24821,TENA_HUMAN,False,False,True
P25021,HRH2_HUMAN,True,True,False
P25024,CXCR1_HUMAN,True,True,False
P25025,CXCR2_HUMAN,True,True,False
P25067,CO8A2_HUMAN,False,False,True
P25089,FPR3_HUMAN,True,True,False
P25090,FPR2_HUMAN,True,True,False
P25100,ADA1D_HUMAN,True,True,False
P25103,NK1R_HUMAN,True,True,False
P25445,TNR6_HUMAN,True,True,True
P25942,TNR5_HUMAN,True,True,True
P26010,ITB7_HUMAN,True,True,False
P26012,ITB8_HUMAN,True,True,False
P26441,CNTF_HUMAN,False,False,True
P26715,NKG2A_HUMAN,True,True,False
P26717,NKG2C_HUMAN,True,True,False
P26718,NKG2D_HUMAN,True,True,False
P26842,CD27_HUMAN,True,True,False
P26951,IL3RA_HUMAN,True,True,False
P26992,CNTFR_HUMAN,True,True,False
P27037,AVR2A_HUMAN,True,True,False
P27487,DPP4_HUMAN,True,True,True
P27539,GDF1_HUMAN,False,False,True
P27930,IL1R2_HUMAN,True,True,True
P28221,5HT1D_HUMAN,True,True,False
P28222,5HT1B_HUMAN,True,True,False
P28223,5HT2A_HUMAN,True,True,False
P28335,5HT2C_HUMAN,True,True,False
P28336,NMBR_HUMAN,True,True,False
P28566,5HT1E_HUMAN,True,True,False
P28906,CD34_HUMAN,True,False,False
P28907,CD38_HUMAN,True,True,False
P28908,TNR8_HUMAN,True,True,False
P29274,AA2AR_HUMAN,True,True,False
P29275,AA2BR_HUMAN,True,True,False
P29317,EPHA2_HUMAN,True,True,False
P29320,EPHA3_HUMAN,True,True,True
P29322,EPHA8_HUMAN,True,True,False
P29323,EPHB2_HUMAN,True,True,False
P29371,NK3R_HUMAN,True,True,False
P29459,IL12A_HUMAN,False,False,True
P29460,IL12B_HUMAN,False,False,True
P29965,CD40L_HUMAN,True,False,True
P30203,CD6_HUMAN,True,False,True
P30411,BKRB2_HUMAN,True,True,False
P30518,V2R_HUMAN,True,True,False
P30530,UFO_HUMAN,True,True,False
P30532,ACHA5_HUMAN,True,True,False
P30542,AA1R_HUMAN,True,True,False
P30550,GRPR_HUMAN,True,True,False
P30556,AGTR1_HUMAN,True,True,False
P30559,OXYR_HUMAN,True,True,False
P30872,SSR1_HUMAN,True,True,False
P30874,SSR2_HUMAN,True,True,False
P30926,ACHB4_HUMAN,True,True,False
P30939,5HT1F_HUMAN,True,True,False
P30968,GNRHR_HUMAN,True,True,False
P30988,CALCR_HUMAN,True,True,False
P30990,NEUT_HUMAN,False,False,True
P31358,CD52_HUMAN,True,False,False
P31371,FGF9_HUMAN,False,False,True
P31391,SSR4_HUMAN,True,True,False
P31785,IL2RG_HUMAN,True,True,False
P31997,CEAM8_HUMAN,True,False,False
P32004,L1CAM_HUMAN,True,False,False
P32238,CCKAR_HUMAN,True,True,False
P32239,GASR_HUMAN,True,True,False
P32241,VIPR1_HUMAN,True,True,False
P32245,MC4R_HUMAN,True,True,False
P32246,CCR1_HUMAN,True,True,False
P32248,CCR7_HUMAN,True,True,False
P32297,ACHA3_HUMAN,True,True,False
P32302,CXCR5_HUMAN,True,True,False
P32745,SSR3_HUMAN,True,True,False
P32881,IFNA8_HUMAN,False,False,True
P32927,IL3RB_HUMAN,True,True,False
P32942,ICAM3_HUMAN,True,False,False
P32970,CD70_HUMAN,False,False,True
P32971,TNFL8_HUMAN,True,False,False
P33032,MC5R_HUMAN,True,True,False
P33681,CD80_HUMAN,True,True,False
P34130,NTF4_HUMAN,False,False,True
P34925,RYK_HUMAN,True,True,False
P34969,5HT7R_HUMAN,True,True,False
P34972,CNR2_HUMAN,True,True,False
P34981,TRFR_HUMAN,True,True,False
P34995,PE2R1_HUMAN,True,True,False
P34998,CRFR1_HUMAN,True,True,False
P35070,BTC_HUMAN,True,False,True
P35225,IL13_HUMAN,False,False,True
P35318,ADML_HUMAN,False,False,True
P35346,SSR5_HUMAN,True,True,False
P35348,ADA1A_HUMAN,True,True,False
P35367,HRH1_HUMAN,True,True,False
P35368,ADA1B_HUMAN,True,True,False
P35372,OPRM_HUMAN,True,True,False
P35408,PE2R4_HUMAN,True,True,False
P35414,APJ_HUMAN,True,True,False
P35462,DRD3_HUMAN,True,True,False
P35555,FBN1_HUMAN,False,False,True
P35613,BASI_HUMAN,True,False,False
P35916,VGFR3_HUMAN,True,True,True
P35968,VGFR2_HUMAN,True,True,True
P36544,ACHA7_HUMAN,True,True,False
P36888,FLT3_HUMAN,True,True,False
P36894,BMR1A_HUMAN,True,True,False
P36896,ACV1B_HUMAN,True,True,False
P36897,TGFR1_HUMAN,True,True,False
P36941,TNR3_HUMAN,True,True,False
P37023,ACVL1_HUMAN,True,True,False
P37173,TGFR2_HUMAN,True,True,False
P37288,V1AR_HUMAN,True,True,False
P38484,INGR2_HUMAN,True,True,False
P38570,ITAE_HUMAN,True,True,False
P39905,GDNF_HUMAN,False,False,True
P40189,IL6RB_HUMAN,True,True,True
P40199,CEAM6_HUMAN,True,False,False
P40200,TACT_HUMAN,True,True,False
P40225,TPO_HUMAN,False,False,True
P40238,TPOR_HUMAN,True,True,False
P40933,IL15_HUMAN,False,False,True
P41143,OPRD_HUMAN,True,True,False
P41145,OPRK_HUMAN,True,True,False
P41146,OPRX_HUMAN,True,True,False
P41159,LEP_HUMAN,False,False,True
P41217,OX2G_HUMAN,True,False,False
P41221,WNT5A_HUMAN,False,False,True
P41273,TNFL9_HUMAN,True,False,True
P41587,VIPR2_HUMAN,True,True,False
P41595,5HT2B_HUMAN,True,True,False
P41597,CCR2_HUMAN,True,True,False
P41968,MC3R_HUMAN,True,True,False
P42081,CD86_HUMAN,True,True,False
P42127,ASIP_HUMAN,False,False,True
P42701,I12R1_HUMAN,True,True,False
P42702,LIFR_HUMAN,True,True,True
P42830,CXCL5_HUMAN,False,False,True
P43026,GDF5_HUMAN,True,False,True
P43088,PF2R_HUMAN,True,True,False
P43115,PE2R3_HUMAN,True,True,False
P43116,PE2R2_HUMAN,True,True,False
P43119,PI2R_HUMAN,True,True,False
P43146,DCC_HUMAN,True,True,False
P43220,GLP1R_HUMAN,True,True,False
P43489,TNR4_HUMAN,True,True,False
P43626,KI2L1_HUMAN,True,True,False
P43628,KI2L3_HUMAN,True,True,False
P43629,KI3L1_HUMAN,True,True,False
P43630,KI3L2_HUMAN,True,True,False
P43681,ACHA4_HUMAN,True,True,False
P46091,GPR1_HUMAN,True,True,False
P46092,CCR10_HUMAN,True,True,False
P46094,XCR1_HUMAN,True,True,False
P46098,5HT3A_HUMAN,True,True,False
P46379,BAG6_HUMAN,False,False,False
P46531,NOTC1_HUMAN,True,True,False
P46663,BKRB1_HUMAN,True,True,False
P47211,GALR1_HUMAN,True,True,False
P47871,GLR_HUMAN,True,True,False
P47872,SCTR_HUMAN,True,True,False
P47898,5HT5A_HUMAN,True,True,False
P47901,V1BR_HUMAN,True,True,False
P47992,XCL1_HUMAN,False,False,True
P48023,TNFL6_HUMAN,True,False,True
P48039,MTR1A_HUMAN,True,True,False
P48061,SDF1_HUMAN,False,False,True
P48145,NPBW1_HUMAN,True,True,False
P48146,NPBW2_HUMAN,True,True,False
P48357,LEPR_HUMAN,True,True,True
P48546,GIPR_HUMAN,True,True,False
P48551,INAR2_HUMAN,True,True,True
P48645,NMU_HUMAN,False,False,True
P48960,CD97_HUMAN,True,True,True
P49190,PTH2R_HUMAN,True,True,False
P49238,CX3C1_HUMAN,True,True,False
P49286,MTR1B_HUMAN,True,True,False
P49682,CXCR3_HUMAN,True,True,False
P49683,PRLHR_HUMAN,True,True,False
P49685,GPR15_HUMAN,True,True,False
P49763,PLGF_HUMAN,False,False,True
P49765,VEGFB_HUMAN,False,False,True
P49767,VEGFC_HUMAN,False,False,True
P49771,FLT3L_HUMAN,True,False,True
P49961,ENTP1_HUMAN,True,False,False
P50052,AGTR2_HUMAN,True,True,False
P50406,5HT6R_HUMAN,True,True,False
P50591,TNF10_HUMAN,True,False,True
P51460,INSL3_HUMAN,False,False,True
P51654,GPC3_HUMAN,True,False,True
P51671,CCL11_HUMAN,False,False,True
P51677,CCR3_HUMAN,True,True,False
P51679,CCR4_HUMAN,True,True,False
P51681,CCR5_HUMAN,True,True,False
P51684,CCR6_HUMAN,True,True,False
P51685,CCR8_HUMAN,True,True,False
P51686,CCR9_HUMAN,True,True,False
P51805,PLXA3_HUMAN,True,True,False
P51810,GP143_HUMAN,True,True,False
P52797,EFNA3_HUMAN,True,False,False
P52798,EFNA4_HUMAN,True,False,True
P52799,EFNB2_HUMAN,True,True,False
P52803,EFNA5_HUMAN,True,False,False
P53420,CO4A4_HUMAN,False,False,True
P53708,ITA8_HUMAN,True,True,False
P53985,MOT1_HUMAN,True,False,False
P54753,EPHB3_HUMAN,True,True,False
P54756,EPHA5_HUMAN,True,True,False
P54760,EPHB4_HUMAN,True,True,False
P54762,EPHB1_HUMAN,True,True,False
P54764,EPHA4_HUMAN,True,True,False
P54826,GAS1_HUMAN,True,False,False
P55073,IOD3_HUMAN,True,False,False
P55075,FGF8_HUMAN,False,False,True
P55089,UCN1_HUMAN,False,False,True
P55103,INHBC_HUMAN,False,False,True
P55107,GDF10_HUMAN,False,False,True
P55285,CADH6_HUMAN,True,False,False
P55773,CCL23_HUMAN,False,False,True
P55774,CCL18_HUMAN,False,False,True
P55899,FCGRN_HUMAN,True,True,False
P56159,GFRA1_HUMAN,True,True,False
P56199,ITA1_HUMAN,True,True,False
P56703,WNT3_HUMAN,False,False,True
P56704,WNT3A_HUMAN,False,False,True
P56705,WNT4_HUMAN,False,False,True
P56706,WNT7B_HUMAN,False,False,True
P56975,NRG3_HUMAN,True,False,True
P57087,JAM2_HUMAN,True,False,False
P58166,INHBE_HUMAN,False,False,True
P58294,PROK1_HUMAN,False,False,True
P59901,LIRA4_HUMAN,True,True,False
P60568,IL2_HUMAN,False,False,True
P61073,CXCR4_HUMAN,True,True,False
P61278,SMS_HUMAN,False,False,True
P61769,B2MG_HUMAN,True,False,True
P61812,TGFB2_HUMAN,False,False,True
P62937,PPIA_HUMAN,False,False,True
P78324,SHPS1_HUMAN,True,True,False
P78423,X3CL1_HUMAN,True,False,True
P78504,JAG1_HUMAN,True,False,False
P78509,RELN_HUMAN,False,False,True
P78552,I13R1_HUMAN,True,True,False
P78556,CCL20_HUMAN,False,False,True
P80075,CCL8_HUMAN,False,False,True
P80098,CCL7_HUMAN,False,False,True
P80162,CXCL6_HUMAN,False,False,True
P80188,NGAL_HUMAN,False,False,True
P80370,DLK1_HUMAN,True,False,False
P81277,PRRP_HUMAN,False,False,True
P98155,VLDLR_HUMAN,True,True,False
P98172,EFNB1_HUMAN,True,False,False
Q00604,NDP_HUMAN,False,False,True
Q01113,IL9R_HUMAN,True,True,True
Q01344,IL5RA_HUMAN,True,True,False
Q01638,ILRL1_HUMAN,True,True,True
Q01718,ACTHR_HUMAN,True,True,False
Q01726,MSHR_HUMAN,True,True,False
Q01955,CO4A3_HUMAN,False,False,True
Q01973,ROR1_HUMAN,True,True,False
Q01974,ROR2_HUMAN,True,True,False
Q02223,TNR17_HUMAN,True,True,False
Q02297,NRG1_HUMAN,True,True,True
Q02388,CO7A1_HUMAN,False,False,True
Q02413,DSG1_HUMAN,True,False,False
Q02487,DSC2_HUMAN,True,False,False
Q02643,GHRHR_HUMAN,True,True,False
Q02763,TIE2_HUMAN,True,True,True
Q03167,TGBR3_HUMAN,True,True,True
Q03405,UPAR_HUMAN,True,True,True
Q03431,PTH1R_HUMAN,True,True,False
Q03692,COAA1_HUMAN,False,False,True
Q04721,NOTC2_HUMAN,True,True,False
Q04771,ACVR1_HUMAN,True,True,False
Q04912,RON_HUMAN,True,True,False
Q05707,COEA1_HUMAN,False,False,True
Q05901,ACHB3_HUMAN,True,True,False
Q06418,TYRO3_HUMAN,True,True,False
Q06643,TNFC_HUMAN,False,False,False
Q07011,TNR9_HUMAN,True,True,False
Q07092,COGA1_HUMAN,False,False,True
Q07325,CXCL9_HUMAN,False,False,True
Q07444,NKG2E_HUMAN,True,True,False
Q08334,I10R2_HUMAN,True,True,False
Q08554,DSC1_HUMAN,True,False,False
Q08722,CD47_HUMAN,True,True,False
Q08830,FGL1_HUMAN,False,False,True
Q0VD83,APOBR_HUMAN,True,True,False
Q10589,BST2_HUMAN,True,False,False
Q12860,CNTN1_HUMAN,True,False,False
Q12866,MERTK_HUMAN,True,True,False
Q12918,KLRB1_HUMAN,True,True,False
Q13007,IL24_HUMAN,False,False,True
Q13241,KLRD1_HUMAN,True,True,False
Q13258,PD2R_HUMAN,True,True,False
Q13261,I15RA_HUMAN,True,True,True
Q13275,SEM3F_HUMAN,False,False,True
Q13304,GPR17_HUMAN,True,True,False
Q13324,CRFR2_HUMAN,True,True,False
Q13332,PTPRS_HUMAN,True,True,False
Q13349,ITAD_HUMAN,True,True,False
Q13467,FZD5_HUMAN,True,True,False
Q13477,MADCA_HUMAN,True,False,False
Q13478,IL18R_HUMAN,True,True,False
Q13519,PNOC_HUMAN,False,False,True
Q13591,SEM5A_HUMAN,True,False,False
Q13639,5HT4R_HUMAN,True,True,False
Q13651,I10R1_HUMAN,True,True,False
Q13683,ITA7_HUMAN,True,True,False
Q13705,AVR2B_HUMAN,True,True,False
Q13740,CD166_HUMAN,True,False,True
Q13797,ITA9_HUMAN,True,True,False
Q13873,BMPR2_HUMAN,True,True,False
Q14031,CO4A6_HUMAN,False,False,True
Q14050,CO9A3_HUMAN,False,False,True
Q14055,CO9A2_HUMAN,False,False,True
Q14114,LRP8_HUMAN,True,True,True
Q14116,IL18_HUMAN,False,False,True
Q14126,DSG2_HUMAN,True,False,False
Q14213,IL27B_HUMAN,False,False,True
Q14242,SELPL_HUMAN,True,True,False
Q14332,FZD2_HUMAN,True,True,False
Q14393,GAS6_HUMAN,False,False,True
Q14563,SEM3A_HUMAN,False,False,True
Q14574,DSC3_HUMAN,True,False,False
Q14623,IHH_HUMAN,True,False,True
Q14626,I11RA_HUMAN,True,True,False
Q14627,I13R2_HUMAN,True,True,False
Q14773,ICAM4_HUMAN,True,False,True
Q14943,KI3S1_HUMAN,True,True,False
Q14993,COJA1_HUMAN,False,False,True
Q15116,PDCD1_HUMAN,True,True,False
Q15223,PVRL1_HUMAN,True,True,True
Q15303,ERBB4_HUMAN,True,True,False
Q15375,EPHA7_HUMAN,True,True,False
Q15389,ANGP1_HUMAN,False,False,True
Q15465,SHH_HUMAN,True,False,True
Q15722,LT4R1_HUMAN,True,True,False
Q15758,AAAT_HUMAN,True,True,False
Q15762,CD226_HUMAN,True,True,False
Q15768,EFNB3_HUMAN,True,True,False
Q15822,ACHA2_HUMAN,True,True,False
Q15825,ACHA6_HUMAN,True,True,False
Q15848,ADIPO_HUMAN,False,False,True
Q16288,NTRK3_HUMAN,True,True,False
Q16552,IL17_HUMAN,False,False,True
Q16570,ACKR1_HUMAN,True,True,False
Q16581,C3AR_HUMAN,True,True,False
Q16602,CALRL_HUMAN,True,True,False
Q16620,NTRK2_HUMAN,True,True,False
Q16627,CCL14_HUMAN,False,False,True
Q16663,CCL15_HUMAN,False,False,True
Q16671,AMHR2_HUMAN,True,True,False
Q16787,LAMA3_HUMAN,False,False,True
Q17RW2,COOA1_HUMAN,False,False,True
Q29980,MICB_HUMAN,True,False,False
Q29983,MICA_HUMAN,True,False,False
Q2I0M5,RSPO4_HUMAN,False,False,True
Q2MKA7,RSPO1_HUMAN,False,False,True
Q2UY09,COSA1_HUMAN,False,False,True
Q495A1,TIGIT_HUMAN,True,False,False
Q4KMG0,CDON_HUMAN,True,False,False
Q5T2D2,TRML2_HUMAN,True,True,False
Q5T4F7,SFRP5_HUMAN,False,False,True
Q5T4W7,ARTN_HUMAN,False,False,True
Q5TAT6,CODA1_HUMAN,True,False,False
Q5VWK5,IL23R_HUMAN,True,True,False
Q5VY80,RET1L_HUMAN,True,False,False
Q5ZPR3,CD276_HUMAN,True,False,False
Q68D85,NR3L1_HUMAN,True,False,False
Q6FHJ7,SFRP4_HUMAN,False,False,True
Q6GTX8,LAIR1_HUMAN,True,True,False
Q6H3X3,RET1G_HUMAN,True,False,True
Q6IA17,SIGIR_HUMAN,True,False,False
Q6KF10,GDF6_HUMAN,False,False,True
Q6UVK1,CSPG4_HUMAN,True,False,False
Q6UVW9,CLC2A_HUMAN,True,True,False
Q6UW32,IGFL1_HUMAN,False,False,True
Q6UW88,EPGN_HUMAN,False,False,True
Q6UWB1,I27RA_HUMAN,True,True,False
Q6UWQ7,IGFL2_HUMAN,False,False,True
Q6UXB1,IGFL3_HUMAN,False,False,True
Q6UXL0,I20RB_HUMAN,True,True,False
Q6UXX9,RSPO2_HUMAN,False,False,True
Q6UXZ4,UNC5D_HUMAN,True,True,False
Q6W5P4,NPSR1_HUMAN,True,True,False
Q6X4U4,SOSD1_HUMAN,False,False,True
Q6X4W1,NSMF_HUMAN,False,False,False
Q6ZMJ2,SCAR5_HUMAN,True,True,False
Q6ZMJ4,IL34_HUMAN,False,False,True
Q6ZN44,UNC5A_HUMAN,True,True,False
Q70Z44,5HT3D_HUMAN,True,True,False
Q765I0,UTS2B_HUMAN,False,False,True
Q7RTX7,CTSR4_HUMAN,True,False,False
Q7Z4H4,ADM2_HUMAN,False,False,True
Q7Z4P5,GDF7_HUMAN,False,False,True
Q7Z5Y6,BMP8A_HUMAN,False,False,True
Q7Z6A9,BTLA_HUMAN,True,True,False
Q86V24,ADR2_HUMAN,True,True,False
Q86WN2,IFNE_HUMAN,False,False,True
Q86XM0,CTSRD_HUMAN,True,False,False
Q86XQ3,CTSR3_HUMAN,True,False,False
Q86XT9,TM219_HUMAN,True,True,False
Q86YW7,GPHB5_HUMAN,False,False,True
Q86Z14,KLOTB_HUMAN,True,False,False
Q8IU54,IFNL1_HUMAN,False,False,True
Q8IU57,INLR1_HUMAN,True,True,False
Q8IZC6,CORA1_HUMAN,False,False,True
Q8IZI9,IFNL3_HUMAN,False,False,True
Q8IZJ0,IFNL2_HUMAN,False,False,True
Q8IZJ1,UNC5B_HUMAN,True,True,False
Q8N126,CADM3_HUMAN,True,False,False
Q8N423,LIRB2_HUMAN,True,True,False
Q8N474,SFRP1_HUMAN,False,False,True
Q8N6P7,I22R1_HUMAN,True,True,False
Q8N6Q3,CD177_HUMAN,True,False,False
Q8N729,NPW_HUMAN,False,False,True
Q8NAC3,I17RC_HUMAN,True,True,False
Q8NCG7,DGLB_HUMAN,True,False,False
Q8NEC5,CTSR1_HUMAN,True,False,False
Q8NER5,ACV1C_HUMAN,True,True,False
Q8NEV9,IL27A_HUMAN,False,False,True
Q8NFJ6,PKR2_HUMAN,True,True,False
Q8NFR9,I17RE_HUMAN,True,True,True
Q8NFW1,COMA1_HUMAN,False,False,True
Q8NFY4,SEM6D_HUMAN,True,False,False
Q8NFZ8,CADM4_HUMAN,True,False,False
Q8NG41,NPB_HUMAN,False,False,True
Q8NHJ6,LIRB4_HUMAN,True,True,False
Q8NHL6,LIRB1_HUMAN,True,True,True
Q8TCW9,PKR1_HUMAN,True,True,False
Q8TD07,N2DL4_HUMAN,True,False,True
Q8TD46,MO2R1_HUMAN,True,True,True
Q8TDQ0,HAVR2_HUMAN,True,True,False
Q8TDS5,OXER1_HUMAN,True,True,False
Q8TDU9,RL3R2_HUMAN,True,True,False
Q8TDV0,GP151_HUMAN,True,True,False
Q8WUG5,S22AH_HUMAN,True,True,False
Q8WWG1,NRG4_HUMAN,True,False,True
Q8WWZ1,IL1FA_HUMAN,False,False,True
Q8WXA8,5HT3C_HUMAN,True,True,False
Q8WXD0,RXFP2_HUMAN,True,True,False
Q8WXF3,REL3_HUMAN,False,False,True
Q92478,CLC2B_HUMAN,True,True,False
Q92583,CCL17_HUMAN,False,False,True
Q92673,SORL_HUMAN,True,True,True
Q92692,PVRL2_HUMAN,True,True,False
Q92765,SFRP3_HUMAN,False,False,True
Q92854,SEM4D_HUMAN,True,True,False
Q92896,GSLG1_HUMAN,True,False,False
Q92956,TNR14_HUMAN,True,True,False
Q93038,TNR25_HUMAN,True,True,True
Q93097,WNT2B_HUMAN,False,False,True
Q93098,WNT8B_HUMAN,False,False,True
Q969D9,TSLP_HUMAN,False,False,True
Q969E3,UCN3_HUMAN,False,False,True
Q969V1,MCHR2_HUMAN,True,True,False
Q96A54,ADR1_HUMAN,True,True,False
Q96A83,COQA1_HUMAN,False,False,True
Q96A98,TIP39_HUMAN,False,False,True
Q96AP7,ESAM_HUMAN,True,False,False
Q96E93,KLRG1_HUMAN,True,True,False
Q96F46,I17RA_HUMAN,True,True,True
Q96HF1,SFRP2_HUMAN,False,False,True
Q96MS0,ROBO3_HUMAN,True,True,False
Q96NY8,PVRL4_HUMAN,True,True,True
Q96P44,COLA1_HUMAN,False,False,True
Q96P56,CTSR2_HUMAN,True,False,False
Q96P88,GNRR2_HUMAN,True,True,False
Q96PD4,IL17F_HUMAN,False,False,True
Q96QV1,HHIP_HUMAN,False,False,True
Q96RJ3,TR13C_HUMAN,True,True,False
Q96RP3,UCN2_HUMAN,False,False,True
Q96S42,NODAL_HUMAN,False,False,True
Q96T91,GPHA2_HUMAN,False,False,True
Q99062,CSF3R_HUMAN,True,True,True
Q99075,HBEGF_HUMAN,True,True,True
Q99435,NELL2_HUMAN,False,False,True
Q99466,NOTC4_HUMAN,True,True,False
Q99523,SORT_HUMAN,True,True,False
Q99527,GPER1_HUMAN,True,True,False
Q99616,CCL13_HUMAN,False,False,True
Q99650,OSMR_HUMAN,True,True,False
Q99665,I12R2_HUMAN,True,True,False
Q99705,MCHR1_HUMAN,True,True,False
Q99715,COCA1_HUMAN,False,False,True
Q99731,CCL19_HUMAN,False,False,True
Q99748,NRTN_HUMAN,False,False,True
Q99788,CML1_HUMAN,True,True,False
Q99969,RARR2_HUMAN,False,False,True
Q99983,OMD_HUMAN,False,False,True
Q99985,SEM3C_HUMAN,False,False,True
Q9BQ51,PD1L2_HUMAN,True,True,True
Q9BT56,SPXN_HUMAN,False,False,True
Q9BWV1,BOC_HUMAN,True,False,False
Q9BX67,JAM3_HUMAN,True,False,True
Q9BX79,STRA6_HUMAN,True,True,False
Q9BXB1,LGR4_HUMAN,True,True,False
Q9BXJ7,AMNLS_HUMAN,False,False,False
Q9BXY4,RSPO3_HUMAN,False,False,True
Q9BY67,CADM1_HUMAN,True,False,False
Q9BZM4,N2DL3_HUMAN,True,False,False
Q9BZM5,N2DL2_HUMAN,True,False,True
Q9BZM6,N2DL1_HUMAN,True,True,False
Q9BZW8,CD244_HUMAN,True,True,False
Q9C0C4,SEM4C_HUMAN,True,True,False
Q9GZP0,PDGFD_HUMAN,False,False,True
Q9GZQ4,NMUR2_HUMAN,True,True,False
Q9GZT5,WN10A_HUMAN,False,False,True
Q9GZV9,FGF23_HUMAN,False,False,True
Q9GZX6,IL22_HUMAN,False,False,True
Q9GZZ7,GFRA4_HUMAN,True,True,True
Q9H1J5,WNT8A_HUMAN,False,False,True
Q9H1J7,WNT5B_HUMAN,False,False,True
Q9H293,IL25_HUMAN,False,False,True
Q9H2A7,CXL16_HUMAN,True,True,True
Q9H2E6,SEM6A_HUMAN,True,False,False
Q9H2X3,CLC4M_HUMAN,True,True,True
Q9H3N8,HRH4_HUMAN,True,True,False
Q9H3S1,SEM4A_HUMAN,True,False,False
Q9H461,FZD8_HUMAN,True,True,False
Q9H4G0,E41L1_HUMAN,False,False,False
Q9H665,IGFR1_HUMAN,True,True,False
Q9HB29,ILRL2_HUMAN,True,True,False
Q9HB63,NET4_HUMAN,False,False,True
Q9HB89,NMUR1_HUMAN,True,True,False
Q9HBE4,IL21_HUMAN,False,False,True
Q9HBE5,IL21R_HUMAN,True,True,False
Q9HBX8,LGR6_HUMAN,True,True,False
Q9HBX9,RXFP1_HUMAN,True,True,False
Q9HC23,PROK2_HUMAN,False,False,True
Q9HC73,CRLF2_HUMAN,True,True,True
Q9HCK4,ROBO2_HUMAN,True,True,False
Q9HCM2,PLXA4_HUMAN,True,True,False
Q9HCT0,FGF22_HUMAN,False,False,True
Q9NNX6,CD209_HUMAN,True,True,True
Q9NP84,TNR12_HUMAN,True,True,False
Q9NP95,FGF20_HUMAN,False,False,True
Q9NPB9,ACKR4_HUMAN,True,True,False
Q9NPC1,LT4R2_HUMAN,True,True,False
Q9NPF7,IL23A_HUMAN,False,False,True
Q9NPG1,FZD3_HUMAN,True,True,False
Q9NPH3,IL1AP_HUMAN,True,True,True
Q9NPH9,IL26_HUMAN,False,False,True
Q9NQS3,PVRL3_HUMAN,True,False,False
Q9NR23,GDF3_HUMAN,False,False,True
Q9NR61,DLL4_HUMAN,True,False,False
Q9NRA1,PDGFC_HUMAN,True,False,True
Q9NRJ3,CCL28_HUMAN,False,False,True
Q9NRM6,I17RB_HUMAN,True,True,True
Q9NRV9,HEBP1_HUMAN,True,False,False
Q9NS75,CLTR2_HUMAN,True,True,False
Q9NSA1,FGF21_HUMAN,False,False,True
Q9NSD7,RL3R1_HUMAN,True,True,False
Q9NTN9,SEM4G_HUMAN,True,False,False
Q9NYJ7,DLL3_HUMAN,True,False,False
Q9NYY1,IL20_HUMAN,False,False,True
Q9NZ53,PDXL2_HUMAN,True,False,False
Q9NZC2,TREM2_HUMAN,True,True,True
Q9NZH6,IL37_HUMAN,False,False,True
Q9NZH7,IL36B_HUMAN,False,False,True
Q9NZH8,IL36G_HUMAN,False,False,True
Q9NZQ7,PD1L1_HUMAN,True,True,False
Q9NZS2,KLRF1_HUMAN,True,True,False
Q9P0M4,IL17C_HUMAN,False,False,True
Q9P0W0,IFNK_HUMAN,False,False,True
Q9P1W8,SIRPG_HUMAN,True,False,False
Q9P218,COKA1_HUMAN,False,False,True
Q9P296,C5AR2_HUMAN,True,True,False
Q9UBC7,GALP_HUMAN,False,False,True
Q9UBD3,XCL2_HUMAN,False,False,True
Q9UBD9,CLCF1_HUMAN,False,False,True
Q9UBH0,I36RA_HUMAN,False,False,True
Q9UBK5,HCST_HUMAN,True,False,False
Q9UBN6,TR10D_HUMAN,True,True,False
Q9UBU2,DKK2_HUMAN,False,False,True
Q9UBU3,GHRL_HUMAN,False,False,True
Q9UBV4,WNT16_HUMAN,False,False,True
Q9UEF7,KLOT_HUMAN,True,False,True
Q9UGT4,SUSD2_HUMAN,True,True,False
Q9UHA7,IL36A_HUMAN,False,False,True
Q9UHD0,IL19_HUMAN,False,False,True
Q9UHF0,TKNK_HUMAN,False,False,True
Q9UHF4,I20RA_HUMAN,True,True,False
Q9UHP7,CLC2D_HUMAN,True,True,False
Q9UIW2,PLXA1_HUMAN,True,False,False
Q9UK05,GDF2_HUMAN,False,False,True
Q9UKJ1,PILRA_HUMAN,True,True,True
Q9UKP6,UR2R_HUMAN,True,True,False
Q9UKX5,ITA11_HUMAN,True,True,False
Q9ULB5,CADH7_HUMAN,True,False,False
Q9ULL4,PLXB3_HUMAN,True,True,False
Q9ULV1,FZD4_HUMAN,True,True,False
Q9ULW2,FZD10_HUMAN,True,True,False
Q9ULZ1,APEL_HUMAN,False,False,True
Q9UM47,NOTC3_HUMAN,True,True,False
Q9UM73,ALK_HUMAN,True,True,False
Q9UMD9,COHA1_HUMAN,False,False,True
Q9UNG2,TNF18_HUMAN,True,False,True
Q9UP38,FZD1_HUMAN,True,True,False
Q9UP52,TFR2_HUMAN,True,True,False
Q9Y219,JAG2_HUMAN,True,False,False
Q9Y258,CCL26_HUMAN,False,False,True
Q9Y264,ANGP4_HUMAN,False,False,True
Q9Y271,CLTR1_HUMAN,True,True,False
Q9Y275,TN13B_HUMAN,True,False,True
Q9Y2T6,GPR55_HUMAN,True,True,False
Q9Y4D2,DGLA_HUMAN,True,False,False
Q9Y4D7,PLXD1_HUMAN,True,True,False
Q9Y4X3,CCL27_HUMAN,False,False,True
Q9Y5N1,HRH3_HUMAN,True,True,False
Q9Y5Q6,INSL5_HUMAN,False,False,True
Q9Y5U5,TNR18_HUMAN,True,True,True
Q9Y5W5,WIF1_HUMAN,False,False,True
Q9Y5Y4,PD2R2_HUMAN,True,True,False
Q9Y624,JAM1_HUMAN,True,True,False
Q9Y6F9,WNT6_HUMAN,False,False,True
Q9Y6N7,ROBO1_HUMAN,True,True,False
Q9Y6Q6,TNR11_HUMAN,True,True,False
Q9Y6W8,ICOS_HUMAN,True,True,True
O15528,CP27B_HUMAN,False,False,False
Q9H7Z7,PGES2_HUMAN,False,False,False
Q15392,DHC24_HUMAN,False,False,False
P16152,CBR1_HUMAN,False,False,False
P10826,RARB_HUMAN,False,False,False
P10276,RARA_HUMAN,False,False,False
O15399,NMDE4_HUMAN,True,True,False
Q9H4B8,DPEP3_HUMAN,False,False,False
Q9Y6C5,PTC2_HUMAN,False,False,False
Q15726,KISS1_HUMAN,False,False,True
Q8TBF2,PXL2B_HUMAN,False,False,False
P29373,RABP2_HUMAN,False,False,False
P14060,3BHS1_HUMAN,False,False,False
P36269,GGT5_HUMAN,False,False,False
O14756,H17B6_HUMAN,False,False,False
P10109,ADX_HUMAN,False,False,False
P30989,NTR1_HUMAN,True,True,False
Q9GZQ6,NPFF1_HUMAN,True,True,False
Q16873,LTC4S_HUMAN,False,False,False
P18405,S5A1_HUMAN,False,False,False
Q15761,NPY5R_HUMAN,True,True,False
P25929,NPY1R_HUMAN,True,True,False
Q14118,DAG1_HUMAN,True,True,True
Q9NYQ7,CELR3_HUMAN,True,True,False
P28329,CLAT_HUMAN,False,False,False
P42330,AK1C3_HUMAN,False,False,False
Q9H7T0,CTSRB_HUMAN,False,False,False
Q14914,PTGR1_HUMAN,False,False,False
P23416,GLRA2_HUMAN,True,True,False
P18054,LOX12_HUMAN,False,False,False
P19099,C11B2_HUMAN,False,False,False
Q9NZN1,IRPL1_HUMAN,True,True,False
O14684,PTGES_HUMAN,False,False,False
P05093,CP17A_HUMAN,False,False,False
Q969F8,KISSR_HUMAN,True,True,False
Q8NCW0,KREM2_HUMAN,False,False,False
P47895,AL1A3_HUMAN,False,False,False
P51857,AK1D1_HUMAN,False,False,False
P50391,NPY4R_HUMAN,True,True,False
P49146,NPY2R_HUMAN,True,True,False
Q15185,TEBP_HUMAN,False,False,False
P25101,EDNRA_HUMAN,True,True,False
P22570,ADRO_HUMAN,False,False,False
P10082,PYY_HUMAN,False,False,True
Q96MU8,KREM1_HUMAN,False,False,False
Q12879,NMDE1_HUMAN,True,True,False
P24557,THAS_HUMAN,False,False,False
Q6P4F2,FDX2_HUMAN,False,False,False
Q8TF42,UBS3B_HUMAN,False,False,False
P14679,TYRO_HUMAN,False,False,False
P46597,ASMT_HUMAN,False,False,False
P20800,EDN2_HUMAN,False,False,True
Q53GQ0,DHB12_HUMAN,False,False,False
P19793,RXRA_HUMAN,False,False,False
P13631,RARG_HUMAN,False,False,False
Q96P65,QRFPR_HUMAN,True,True,False
P00352,AL1A1_HUMAN,False,False,False
P38571,LICH_HUMAN,False,False,False
P05108,CP11A_HUMAN,False,False,False
Q5H8A3,NMS_HUMAN,False,False,True
P19113,DCHS_HUMAN,False,False,False
P83859,OX26_HUMAN,False,False,True
Q13635,PTC1_HUMAN,False,False,False
P28702,RXRB_HUMAN,False,False,False
Q92847,GHSR_HUMAN,True,True,False
P31213,S5A2_HUMAN,False,False,False
P08684,CP3A4_HUMAN,False,False,False
Q14957,NMDE3_HUMAN,True,True,False
O94788,AL1A2_HUMAN,False,False,False
P15538,C11B1_HUMAN,False,False,False
P04808,REL1_HUMAN,False,False,True
P11511,CP19A_HUMAN,False,False,False
P14061,DHB1_HUMAN,False,False,False
P01298,PAHO_HUMAN,False,False,True
P20711,DDC_HUMAN,False,False,False
P48443,RXRG_HUMAN,False,False,False
P08686,CP21A_HUMAN,False,False,False
P15121,ALDR_HUMAN,False,False,False
Q13224,NMDE2_HUMAN,True,True,False
Q9UBM7,DHCR7_HUMAN,False,False,False
P07202,PERT_HUMAN,False,False,False
Q9H8P0,PORED_HUMAN,False,False,False
P41586,PACR_HUMAN,True,True,False
O94910,AGRL1_HUMAN,True,True,False
P37058,DHB3_HUMAN,False,False,False
Q16647,PTGIS_HUMAN,False,False,False
Q06520,ST2A1_HUMAN,False,False,False
Q9H4A9,DPEP2_HUMAN,False,False,False
P49888,ST1E1_HUMAN,False,False,False
P50225,ST1A1_HUMAN,False,False,False
Q9BPW9,DHRS9_HUMAN,False,False,False
P11086,PNMT_HUMAN,False,False,False
P09960,LKHA4_HUMAN,False,False,False
P21589,5NTD_HUMAN,True,False,False
P11230,ACHB_HUMAN,True,True,False
Q07001,ACHD_HUMAN,True,True,False
Q04844,ACHE_HUMAN,True,True,False
P07510,ACHG_HUMAN,True,True,False
Q96PE1,AGRA2_HUMAN,True,True,False
O14514,AGRB1_HUMAN,True,True,False
O60241,AGRB2_HUMAN,True,True,False
O60242,AGRB3_HUMAN,True,True,False
Q9UHX3,AGRE2_HUMAN,True,True,False
Q9Y653,AGRG1_HUMAN,True,True,False
Q86SQ4,AGRG6_HUMAN,True,True,False
O95490,AGRL2_HUMAN,True,True,False
Q9HAR2,AGRL3_HUMAN,True,True,False
Q06481,APLP2_HUMAN,True,False,False
F7VJQ1,APRIO_HUMAN,False,False,False
Q7Z5L3,C1QL2_HUMAN,False,False,True
Q5VWW1,C1QL3_HUMAN,False,False,True
Q86Z23,C1QL4_HUMAN,False,False,True
Q9NPY3,C1QR1_HUMAN,True,True,False
O75973,C1QRF_HUMAN,False,False,True
P08311,CATG_HUMAN,False,False,True
P23435,CBLN1_HUMAN,False,False,True
P29016,CD1B_HUMAN,True,False,False
Q9HCU0,CD248_HUMAN,True,False,False
Q9NPF0,CD320_HUMAN,True,False,False
A6NKQ9,CGB1_HUMAN,False,False,True
Q6NT52,CGB2_HUMAN,False,False,True
P0DN86,CGB3_HUMAN,False,False,True
P0DN87,CGB7_HUMAN,False,False,True
O94985,CSTN1_HUMAN,True,False,False
Q9H4D0,CSTN2_HUMAN,True,False,False
Q9BQT9,CSTN3_HUMAN,True,False,False
P17302,CXA1_HUMAN,True,False,False
Q9Y6H8,CXA3_HUMAN,True,False,False
P36382,CXA5_HUMAN,True,False,False
P36383,CXG1_HUMAN,True,False,False
Q99259,DCE1_HUMAN,False,False,False
Q05329,DCE2_HUMAN,True,False,False
P43003,EAA1_HUMAN,True,False,False
P43004,EAA2_HUMAN,True,False,False
P43005,EAA3_HUMAN,True,False,False
P48664,EAA4_HUMAN,True,False,False
O00341,EAA5_HUMAN,True,False,False
P05305,EDN1_HUMAN,False,False,True
P14138,EDN3_HUMAN,False,False,True
P24530,EDNRB_HUMAN,True,True,False
Q9NZU1,FLRT1_HUMAN,True,False,False
O43155,FLRT2_HUMAN,True,False,False
Q9NZU0,FLRT3_HUMAN,True,False,False
Q9UBS5,GABR1_HUMAN,True,True,False
O75899,GABR2_HUMAN,True,True,False
P14867,GBRA1_HUMAN,True,True,False
P47869,GBRA2_HUMAN,True,True,False
P34903,GBRA3_HUMAN,True,True,False
P48169,GBRA4_HUMAN,True,True,False
P31644,GBRA5_HUMAN,True,True,False
Q16445,GBRA6_HUMAN,True,True,False
P47870,GBRB2_HUMAN,True,True,False
P28472,GBRB3_HUMAN,True,True,False
O14764,GBRD_HUMAN,True,True,False
P78334,GBRE_HUMAN,True,True,False
P18507,GBRG2_HUMAN,True,True,False
Q9UN88,GBRT_HUMAN,True,True,False
P23415,GLRA1_HUMAN,True,True,False
P48167,GLRB_HUMAN,True,True,False
O94925,GLSK_HUMAN,False,False,False
Q9UI32,GLSL_HUMAN,False,False,False
P34896,GLYC_HUMAN,False,False,False
P34897,GLYM_HUMAN,False,False,False
O43194,GPR39_HUMAN,True,True,False
P42261,GRIA1_HUMAN,True,True,False
P42262,GRIA2_HUMAN,True,True,False
P42263,GRIA3_HUMAN,True,True,False
P48058,GRIA4_HUMAN,True,True,False
O43424,GRID2_HUMAN,True,True,False
P39086,GRIK1_HUMAN,True,True,False
Q13002,GRIK2_HUMAN,True,True,False
Q13003,GRIK3_HUMAN,True,True,False
Q16099,GRIK4_HUMAN,True,True,False
Q16478,GRIK5_HUMAN,True,True,False
Q13255,GRM1_HUMAN,True,True,False
Q14416,GRM2_HUMAN,True,True,False
Q14832,GRM3_HUMAN,True,True,False
Q14833,GRM4_HUMAN,True,True,False
P41594,GRM5_HUMAN,True,True,False
O15303,GRM6_HUMAN,True,True,False
Q14831,GRM7_HUMAN,True,True,False
O00222,GRM8_HUMAN,True,True,False
Q86YT9,JAML_HUMAN,True,True,False
Q8N109,KI2LA_HUMAN,True,True,False
P24043,LAMA2_HUMAN,False,False,True
Q92633,LPAR1_HUMAN,True,True,False
Q9HBW0,LPAR2_HUMAN,True,True,False
Q9UBY5,LPAR3_HUMAN,True,True,False
Q9NT99,LRC4B_HUMAN,True,False,False
Q9HCJ2,LRC4C_HUMAN,True,False,False
Q6PJG9,LRFN4_HUMAN,True,False,False
Q96NI6,LRFN5_HUMAN,True,False,False
Q86UE6,LRRT1_HUMAN,True,False,False
O43300,LRRT2_HUMAN,True,False,False
Q86VH5,LRRT3_HUMAN,True,False,False
Q86VH4,LRRT4_HUMAN,True,False,False
O95297,MPZL1_HUMAN,True,False,False
P43121,MUC18_HUMAN,False,False,False
O00533,NCHL1_HUMAN,True,False,True
Q8N2Q7,NLGN1_HUMAN,True,False,False
Q8NFZ4,NLGN2_HUMAN,True,False,False
Q9NZ94,NLGN3_HUMAN,True,False,False
Q8N0W4,NLGNX_HUMAN,True,False,False
Q8NFZ3,NLGNY_HUMAN,True,False,False
Q05586,NMDZ1_HUMAN,True,True,False
O15130,NPFF_HUMAN,False,False,True
Q9Y5X5,NPFF2_HUMAN,True,True,False
P01303,NPY_HUMAN,False,False,True
Q92823,NRCAM_HUMAN,True,False,True
Q9ULB1,NRX1A_HUMAN,True,False,False
P58400,NRX1B_HUMAN,True,False,False
P58401,NRX2B_HUMAN,True,False,False
Q9HDB5,NRX3B_HUMAN,True,False,False
Q96EP9,NTCP4_HUMAN,True,False,False
O95665,NTR2_HUMAN,True,True,False
P78380,OLR1_HUMAN,True,True,True
P25116,PAR1_HUMAN,True,True,False
O00254,PAR3_HUMAN,True,True,False
Q96RI0,PAR4_HUMAN,True,True,False
Q6UXB8,PI16_HUMAN,False,False,True
P01833,PIGR_HUMAN,True,True,True
P41222,PTGDS_HUMAN,False,False,True
P23468,PTPRD_HUMAN,True,True,False
P10586,PTPRF_HUMAN,True,True,False
Q9BZR6,RTN4R_HUMAN,True,True,False
Q99808,S29A1_HUMAN,True,False,False
Q14542,S29A2_HUMAN,True,False,False
Q9BZD2,S29A3_HUMAN,True,False,False
Q7RTT9,S29A4_HUMAN,True,False,False
P48066,S6A11_HUMAN,True,False,False
P48065,S6A12_HUMAN,True,False,False
Q9NSD5,S6A13_HUMAN,True,False,False
Q9GZV3,SC5A7_HUMAN,True,False,False
P30531,SC6A1_HUMAN,True,False,False
P23975,SC6A2_HUMAN,True,False,False
Q01959,SC6A3_HUMAN,True,False,False
P31645,SC6A4_HUMAN,True,False,False
Q9Y345,SC6A5_HUMAN,True,False,False
P31641,SC6A6_HUMAN,True,False,False
P48029,SC6A8_HUMAN,True,False,False
P48067,SC6A9_HUMAN,True,False,False
P18827,SDC1_HUMAN,True,False,True
P34741,SDC2_HUMAN,True,False,True
P35247,SFTPD_HUMAN,False,False,True
Q96PX8,SLIK1_HUMAN,True,False,False
Q9H156,SLIK2_HUMAN,True,False,False
O94933,SLIK3_HUMAN,True,False,False
Q8IW52,SLIK4_HUMAN,True,False,False
O94991,SLIK5_HUMAN,True,False,False
Q9H5Y7,SLIK6_HUMAN,True,False,False
Q96RJ0,TAAR1_HUMAN,True,True,False
Q9UKZ4,TEN1_HUMAN,True,False,False
Q9NT68,TEN2_HUMAN,True,False,False
Q9P273,TEN3_HUMAN,True,False,False
Q6N022,TEN4_HUMAN,True,False,False
P21980,TGM2_HUMAN,False,False,True
P17752,TPH1_HUMAN,False,False,False
Q8IWU9,TPH2_HUMAN,False,False,False
O14907,TX1B3_HUMAN,True,False,False
Q16572,VACHT_HUMAN,False,False,False
Q6EMK4,VASN_HUMAN,False,False,True
Q9P2U7,VGLU1_HUMAN,True,False,False
Q9P2U8,VGLU2_HUMAN,True,False,False
Q8NDX2,VGLU3_HUMAN,True,False,False
Q9H598,VIAAT_HUMAN,False,False,False
Q9H7M9,VISTA_HUMAN,True,True,False
P54219,VMAT1_HUMAN,False,False,False
Q05940,VMAT2_HUMAN,False,False,False
P01215,GLHA_HUMAN,False,False,True
M5A8F1,SUPYN_HUMAN,False,False,True
O15197,EPHB6_HUMAN,True,True,True
P17693,HLAG_HUMAN,True,True,False
P19835,CEL_HUMAN,False,False,True
P25063,CD24_HUMAN,True,False,False
P25106,ACKR3_HUMAN,True,True,False
P25940,CO5A3_HUMAN,False,False,True
P26006,ITA3_HUMAN,True,True,False
P26927,HGFL_HUMAN,False,False,True
P27658,CO8A1_HUMAN,False,False,True
P29400,CO4A5_HUMAN,False,False,True
P30511,HLAF_HUMAN,True,False,False
P33151,CADH5_HUMAN,True,False,False
P39059,COFA1_HUMAN,False,False,True
P39060,COIA1_HUMAN,False,False,True
Q30201,HFE_HUMAN,True,False,False
Q6ZMC9,SIG15_HUMAN,True,False,False
Q8IVG9,HUNIN_HUMAN,False,False,True
Q96LC7,SIG10_HUMAN,True,False,True
Q9BZZ2,SN_HUMAN,True,False,True
Q9NR97,TLR8_HUMAN,True,True,False
